id_municipio,uf,homicidio_media,homicidio_cv,roubo_veiculo_media,furto_veiculo_media,total_crimes_violentos,proporcao_roubo_furto,tendencia_homicidios,volatilidade_crimes,nome_municipio,is_capital,cluster,indice_criminalidade,is_hotspot
3300159,RJ,0.04,4.654,0.03,0.33,0.28,0.1119,0.0425,1.22,Aperibé,0,9,0.0002,False
3300209,RJ,4.44,0.5835,5.5,10.52,36.98,0.3424,0.0143,47.25,Araruama,0,10,0.0166,True
3300225,RJ,0.04,5.1179,0.05,0.19,0.2,0.1033,0.0428,0.89,Areal,0,9,0.0001,False
3300233,RJ,1.16,1.1031,1.09,3.53,11.84,0.2073,0.0252,27.0,Armação dos Búzios,0,10,0.0049,False
3300258,RJ,0.92,1.081,0.33,2.03,3.84,0.11,0.0243,14.36,Arraial do Cabo,0,10,0.0034,False
3300308,RJ,1.72,0.8726,0.36,1.63,5.44,0.1431,0.0207,13.59,Barra do Piraí,0,10,0.0059,False
3300506,RJ,0.26,2.2581,0.05,0.58,1.15,0.1511,0.0366,3.16,Bom Jardim,0,9,0.0009,False
3300605,RJ,0.3,1.7196,0.08,0.9,1.41,0.0647,0.0323,9.54,Bom Jesus do Itabapoana,0,9,0.0013,False
3300803,RJ,1.24,1.0033,1.23,2.01,8.83,0.3746,0.0233,10.12,Cachoeiras de Macacu,0,10,0.0045,False
3300902,RJ,0.15,3.3516,0.02,0.37,0.37,0.0606,0.0403,2.1,Cambuci,0,9,0.0005,False
3300936,RJ,0.2,2.5772,0.44,0.21,1.27,0.4865,0.0388,1.31,Carapebus,0,10,0.0007,False
3300951,RJ,0.03,5.7439,0.02,0.06,0.21,0.1283,0.0431,0.8,Comendador Levy Gasparian,0,9,0.0001,False
3301108,RJ,0.16,2.7245,0.22,0.45,1.21,0.1707,0.0387,3.31,Cantagalo,0,9,0.0007,False
3301157,RJ,0.15,2.5442,0.1,0.43,0.64,0.1,0.0384,2.72,Cardoso Moreira,0,9,0.0006,False
3301207,RJ,0.07,4.1788,0.18,0.26,0.75,0.1134,0.0416,3.32,Carmo,0,9,0.0003,False
3301306,RJ,1.34,0.9389,1.58,1.67,8.53,0.407,0.0219,8.76,Casimiro de Abreu,0,10,0.0047,False
3301405,RJ,0.67,1.2293,0.73,0.56,2.75,0.3495,0.0271,2.93,Conceição de Macabu,0,10,0.0022,False
3301504,RJ,0.16,2.5889,0.06,0.55,1.02,0.0682,0.0377,7.1,Cordeiro,0,9,0.0007,False
3301603,RJ,0.05,5.4336,0.06,0.33,0.38,0.0934,0.043,1.96,Duas Barras,0,9,0.0002,False
3301801,RJ,0.07,4.5629,0.02,0.22,0.3,0.0563,0.0425,2.32,Engenheiro Paulo de Frontin,0,9,0.0003,False
3301850,RJ,1.75,0.8349,4.87,3.09,19.23,0.6864,0.0195,13.18,Guapimirim,0,10,0.0065,False
3301876,RJ,0.55,1.5556,1.48,2.01,7.64,0.3252,0.0319,11.23,Iguaba Grande,0,10,0.0023,False
3302056,RJ,0.14,2.6276,0.03,0.27,0.36,0.0457,0.0388,2.63,Italva,0,9,0.0005,False
3302106,RJ,0.33,1.7577,0.07,1.2,1.07,0.0727,0.0336,5.61,Itaocara,0,9,0.0012,False
3302254,RJ,1.06,1.0492,0.31,0.87,4.84,0.208,0.0245,9.4,Itatiaia,0,10,0.0037,False
3302270,RJ,3.79,0.7125,7.29,3.9,39.07,1.429,0.017,17.97,Japeri,0,7,0.0137,True
3302304,RJ,0.14,3.3801,0.01,0.1,0.26,0.0408,0.0407,1.67,Laje do Muriaé,0,9,0.0005,False
3302452,RJ,0.01,11.6174,0.01,0.06,0.09,0.0738,0.0441,0.65,Macuco,0,9,0.0,False
3302601,RJ,1.13,1.165,2.47,7.53,9.88,0.2541,0.0248,17.81,Mangaratiba,0,10,0.0044,False
3302809,RJ,0.1,3.1773,0.08,0.41,0.59,0.073,0.0389,3.75,Mendes,0,9,0.0005,False
3302908,RJ,0.47,1.7522,0.1,1.36,1.48,0.0621,0.0339,9.03,Miguel Pereira,0,9,0.0018,False
3303005,RJ,0.54,1.4946,0.02,0.43,1.07,0.0563,0.0297,5.12,Miracema,0,9,0.0019,False
3303104,RJ,0.13,2.8684,0.02,0.7,0.36,0.0307,0.0397,4.23,Natividade,0,9,0.0006,False
3303203,RJ,2.49,0.8599,58.14,16.35,220.74,1.9816,0.0197,116.49,Nilópolis,0,7,0.0206,True
3303401,RJ,1.41,0.8864,0.44,7.59,11.1,0.1249,0.0201,41.92,Nova Friburgo,0,10,0.0061,False
3303609,RJ,1.13,1.1347,1.76,1.61,10.26,0.5641,0.0261,8.31,Paracambi,0,10,0.0041,False
3303708,RJ,0.61,1.2736,0.21,0.83,2.04,0.1041,0.0279,7.47,Paraíba do Sul,0,9,0.0022,False
3303807,RJ,2.04,0.8299,0.53,2.19,7.01,0.1765,0.0199,14.46,Paraty,0,10,0.007,False
3303856,RJ,0.33,1.6391,0.04,0.39,0.68,0.0598,0.032,3.19,Paty do Alferes,0,9,0.0011,False
3303906,RJ,1.92,0.7826,1.47,11.76,21.08,0.1344,0.0181,76.84,Petrópolis,0,10,0.0091,True
3303955,RJ,0.4,1.7861,0.2,0.59,2.87,0.1945,0.0339,6.69,Pinheiral,0,9,0.0015,False
3304003,RJ,0.27,1.9545,0.24,0.78,3.04,0.2104,0.035,7.0,Piraí,0,9,0.0012,False
3304102,RJ,0.12,3.1013,0.04,0.38,0.37,0.0214,0.0402,6.71,Porciúncula,0,9,0.0006,False
3304110,RJ,0.72,1.3242,0.31,0.69,2.29,0.157,0.0288,5.22,Porto Real,0,9,0.0024,False
3304128,RJ,0.14,2.6276,0.03,0.04,0.43,0.1226,0.0382,1.3,Quatis,0,9,0.0005,False
3304151,RJ,0.76,1.2217,1.26,0.9,4.52,0.338,0.0269,5.57,Quissamã,0,10,0.0027,False
3304300,RJ,0.6,1.54,3.2,7.36,12.54,0.4386,0.0296,14.18,Rio Bonito,0,10,0.0028,False
3304409,RJ,0.27,2.4589,0.32,0.69,1.15,0.1753,0.0372,2.72,Rio Claro,0,9,0.001,False
3304508,RJ,0.05,4.292,0.01,0.04,0.15,0.0376,0.0421,1.46,Rio das Ostras,0,9,0.0002,False
3304607,RJ,0.17,2.436,0.19,0.24,0.57,0.1244,0.0378,1.83,Santo Antônio de Pádua,0,9,0.0006,False
3304706,RJ,0.95,1.0414,0.27,1.87,3.01,0.1048,0.0237,10.61,São Francisco de Itabapoana,0,10,0.0033,False
3304805,RJ,0.24,2.0281,0.3,1.55,1.52,0.082,0.0359,8.58,São Gonçalo,0,9,0.0011,False
3305000,RJ,0.93,1.2293,0.87,2.83,7.94,0.2106,0.027,17.37,São João de Meriti,0,10,0.0037,False
3305133,RJ,0.05,4.292,0.01,0.05,0.16,0.1591,0.0421,0.41,São José do Vale do Rio Preto,0,9,0.0002,False
3305158,RJ,0.08,3.6884,0.04,0.57,0.48,0.0659,0.0414,3.39,São Pedro da Aldeia,0,9,0.0004,False
3305307,RJ,0.1,2.9508,0.13,0.16,0.54,0.2682,0.0398,0.96,Sapucaia,0,9,0.0004,False
3305406,RJ,0.13,2.7181,0.33,0.6,1.47,0.1935,0.0383,3.71,Saquarema,0,9,0.0006,False
3305505,RJ,2.17,0.7415,3.28,8.14,19.3,0.2624,0.0172,33.24,Seropédica,0,10,0.0085,False
3305554,RJ,2.77,0.801,8.27,4.79,40.23,1.2107,0.0187,20.0,Silva Jardim,0,7,0.0108,True
3305604,RJ,0.52,1.6298,0.9,0.7,4.09,0.4017,0.0323,4.57,Sumidouro,0,10,0.0019,False
3305703,RJ,0.11,3.2369,0.13,0.59,0.49,0.1214,0.0405,1.73,Tanguá,0,9,0.0004,False
3305752,RJ,0.46,1.4992,2.89,1.61,11.05,0.8487,0.0303,7.55,Teresópolis,0,10,0.0021,False
3305802,RJ,1.74,0.8932,0.56,7.18,9.89,0.0943,0.0209,47.2,Trajano de Moraes,0,10,0.0072,False
3305901,RJ,0.2,2.1854,0.07,0.19,0.59,0.1787,0.0366,1.25,Três Rios,0,9,0.0007,False
3306008,RJ,1.59,1.0207,0.43,2.81,7.64,0.1198,0.0234,27.12,Valença,0,10,0.006,False
3306107,RJ,0.58,1.3779,0.12,1.28,2.35,0.08,0.0285,12.14,Varre-Sai,0,9,0.0022,False
3306156,RJ,0.01,11.6182,0.01,0.26,0.07,0.04,0.0441,0.84,Vassouras,0,9,0.0001,False
3306206,RJ,0.59,1.3102,0.2,0.94,2.12,0.1135,0.0286,7.29,Volta Redonda,0,9,0.0021,False
3300100,RJ,5.71,0.6713,6.04,7.93,36.44,0.4725,0.0163,32.33,Angra dos Reis,0,10,0.0199,True
3300407,RJ,3.96,0.6253,2.02,7.99,20.83,0.2486,0.0149,34.19,Barra Mansa,0,10,0.014,True
3301900,RJ,6.24,0.6739,41.62,18.73,161.03,1.5458,0.0154,82.58,Itaboraí,0,7,0.0284,True
3302007,RJ,4.09,0.7111,21.1,10.19,79.81,0.986,0.0173,47.2,Itaguaí,0,10,0.0173,True
3302205,RJ,2.13,0.8474,0.27,3.16,5.71,0.0956,0.0201,20.09,Itaperuna,0,10,0.0073,False
3302502,RJ,6.24,0.6013,16.53,18.68,101.76,0.8725,0.0145,62.05,Magé,0,10,0.0252,True
3302700,RJ,3.75,0.6385,11.99,16.29,64.02,0.5186,0.0155,59.02,Maricá,0,10,0.016,True
3302858,RJ,3.41,0.7074,40.01,18.87,190.47,1.9703,0.0159,96.28,Mesquita,0,7,0.0215,True
3303302,RJ,6.11,0.627,87.13,59.71,413.55,0.7727,0.015,298.86,Niterói,0,10,0.0455,True
3304144,RJ,6.61,0.7998,13.42,11.21,92.61,1.222,0.0178,47.04,Queimados,0,7,0.0255,True
3304755,RJ,2.13,0.8395,0.87,2.39,5.84,0.1969,0.0194,9.43,São Fidélis,0,10,0.007,False
3305109,RJ,10.61,0.495,157.05,43.26,589.01,3.1023,0.0117,294.84,São José de Ubá,0,8,0.0666,True
3305208,RJ,3.27,0.6908,3.99,5.67,25.54,0.5198,0.0163,20.9,São Sebastião do Alto,0,10,0.0117,True
3306305,RJ,5.22,0.5724,3.6,17.37,39.09,0.2581,0.0138,66.63,São Caetano do Sul,0,10,0.0196,True
3300704,RJ,8.5,0.4829,8.09,15.68,69.07,0.3697,0.0115,80.92,Cabo Frio,0,10,0.0313,True
3304201,RJ,3.29,0.6389,1.1,3.8,17.49,0.1999,0.015,36.82,Resende,0,10,0.0119,True
3304524,RJ,4.01,0.6369,8.35,12.95,61.55,0.4871,0.0157,59.7,Rio de Janeiro,0,10,0.0167,True
3300456,RJ,15.24,0.3703,137.16,32.9,421.08,3.2845,0.0093,204.2,Belford Roxo,0,8,0.0707,True
3302403,RJ,7.64,0.5399,14.61,11.9,95.38,0.6506,0.0131,68.94,Macaé,0,10,0.0295,True
3304904,RJ,20.81,0.4886,282.36,93.14,1132.39,2.2089,0.0122,581.78,São João da Barra,0,8,0.1297,True
3301009,RJ,13.84,0.4545,12.13,23.51,133.39,0.4926,0.0111,117.42,Campos dos Goytacazes,0,10,0.0515,True
3301702,RJ,24.51,0.4125,280.79,88.75,1074.83,2.2544,0.0102,525.1,Duque de Caxias,0,8,0.1367,True
3303500,RJ,25.83,0.4269,191.79,76.89,811.14,1.9789,0.0105,388.82,Nova Iguaçu,0,8,0.1252,True
3304557,RJ,93.15,0.2356,1403.33,602.7,7064.47,0.8951,0.0059,4421.56,Santa Maria Madalena,1,1,0.7224,True
3500402,SP,0.04,5.6323,0.08,0.22,0.13,0.0258,-0.002,2.12,Águas da Prata,0,5,0.0002,False
3500105,SP,0.07,3.6293,0.04,0.62,0.18,0.0049,0.0005,12.7,Adamantina,0,5,0.0006,False
3500303,SP,0.23,2.0917,1.26,1.88,2.32,0.0594,0.0006,19.65,Aguaí,0,3,0.0014,False
3500709,SP,0.27,1.8935,0.51,1.95,1.57,0.0401,-0.0007,18.33,Agudos,0,3,0.0015,False
3500204,SP,0.01,8.9061,0.01,0.09,0.05,0.0126,-0.0023,1.9,Adolfo,0,6,0.0001,False
3500501,SP,0.1,3.7494,0.49,2.25,0.87,0.0446,0.0016,9.76,Águas de Lindóia,0,5,0.0006,False
3500550,SP,0.02,6.2578,0.03,0.18,0.13,0.0303,-0.004,1.96,Águas de Santa Bárbara,0,5,0.0001,False
3500600,SP,0.0,0.0,0.07,0.24,0.09,0.023,0.0,2.28,Águas de São Pedro,0,3,0.0001,False
3500758,SP,0.02,6.8697,0.1,0.12,0.23,0.0669,-0.0046,1.77,Alambari,0,5,0.0001,False
3500808,SP,0.02,6.8697,0.01,0.01,0.03,0.0096,0.0034,0.75,Alfredo Marcondes,0,5,0.0001,False
3501004,SP,0.07,3.7494,0.38,0.69,0.61,0.0441,0.0053,6.94,Altinópolis,0,5,0.0004,False
3500907,SP,0.02,6.2578,0.06,0.06,0.11,0.0404,0.0021,1.19,Altair,0,5,0.0001,False
3501202,SP,0.02,7.6967,0.01,0.08,0.07,0.018,-0.0057,1.73,Álvares Florence,0,6,0.0001,False
3501103,SP,0.02,7.6967,0.02,0.07,0.04,0.0113,-0.007,1.27,Alto Alegre,0,6,0.0001,False
3501152,SP,0.14,2.5497,0.5,1.32,0.99,0.0632,-0.0024,7.49,Alumínio,0,3,0.0007,False
3501301,SP,0.28,1.8795,0.05,0.49,0.47,0.0136,-0.0011,8.01,Álvares Machado,0,3,0.0011,False
3523008,SP,0.05,4.5721,0.02,0.07,0.08,0.0061,0.0012,2.76,Itapura,0,5,0.0002,False
3523602,SP,0.13,2.8177,0.42,0.45,0.82,0.036,-0.0077,10.87,Itirapina,0,3,0.0008,False
3528205,SP,0.01,8.9061,0.0,0.04,0.02,0.0026,-0.0086,0.93,Macedônia,0,6,0.0001,False
3524402,SP,3.44,0.7525,24.98,40.01,41.6,0.1741,-0.0019,117.05,Jacareí,0,3,0.0159,True
3524808,SP,0.17,2.4341,0.18,3.08,0.88,0.0134,-0.0067,30.6,Jales,0,3,0.0015,False
3545506,SP,0.01,8.9061,0.02,0.07,0.05,0.0106,0.0064,2.25,Rubinéia,0,6,0.0001,False
3528858,SP,0.0,0.0,0.01,0.1,0.02,0.0141,0.0,0.68,Marapoama,0,3,0.0,False
3529104,SP,0.0,15.4882,0.0,0.02,0.0,0.0,-0.0234,0.4,Marinópolis,0,4,0.0,False
3539301,SP,0.39,1.7425,3.02,9.58,4.94,0.0477,-0.004,53.7,Piquerobi,0,3,0.0031,False
3529203,SP,0.15,2.3472,0.04,0.62,0.28,0.0067,-0.0053,10.73,Martinópolis,0,3,0.0008,False
3545159,SP,0.02,6.8697,0.28,0.47,0.4,0.0647,-0.0059,3.32,Riolândia,0,5,0.0002,False
3546108,SP,0.0,15.4882,0.01,0.05,0.01,0.0064,-0.0036,0.75,Salmourão,0,4,0.0,False
3549201,SP,0.01,8.9061,0.01,0.02,0.03,0.0226,-0.0082,0.53,Santo Antônio do Pinhal,0,6,0.0001,False
3556206,SP,0.46,1.629,10.25,26.11,13.6,0.1273,-0.0053,56.16,Três Fronteiras,0,3,0.0038,False
3557105,SP,0.41,1.585,0.34,6.28,1.99,0.0142,0.0006,63.52,União Paulista,0,3,0.0033,False
3557154,SP,0.02,7.6967,0.02,0.09,0.05,0.0146,0.0184,1.47,Urânia,0,6,0.0001,False
3556958,SP,0.01,10.9302,0.0,0.01,0.02,0.0111,0.003,0.44,Outros,0,6,0.0,False
3556909,SP,0.02,6.2578,0.08,0.3,0.22,0.0454,-0.0055,2.41,Ubirajara,0,5,0.0002,False
3556503,SP,0.93,1.2134,6.52,14.44,13.9,0.19,-0.0041,36.69,Turiúba,0,3,0.0046,False
3557006,SP,0.99,1.2095,2.46,9.93,6.27,0.0631,-0.0036,46.71,Uchoa,0,3,0.0047,False
3556800,SP,0.08,3.6076,0.23,1.08,0.69,0.0392,-0.0031,8.8,Ubatuba,0,5,0.0005,False
3556453,SP,0.33,1.9726,3.22,2.77,5.83,0.2498,0.0001,11.72,Outros,0,3,0.0016,False
3556701,SP,0.2,2.2177,2.5,7.88,4.32,0.0628,-0.0029,36.7,Ubarana,0,3,0.002,False
3556602,SP,0.07,3.7494,0.01,0.22,0.18,0.0145,0.0008,4.44,Turmalina,0,5,0.0003,False
3556404,SP,0.15,2.5366,0.4,1.93,0.91,0.0217,0.003,20.0,Tupi Paulista,0,5,0.0011,False
3556354,SP,0.08,3.7882,0.35,0.28,0.58,0.0641,-0.0059,4.4,Tupã,0,3,0.0004,False
3556107,SP,0.05,4.5721,0.04,0.42,0.18,0.014,0.0046,5.64,Tremembé,0,5,0.0003,False
3556008,SP,0.05,4.3679,0.02,0.48,0.13,0.0126,0.0038,3.79,Trabiju,0,5,0.0003,False
3556305,SP,0.34,1.7739,0.1,0.41,0.72,0.0223,-0.0023,9.63,Tuiuti,0,3,0.0014,False
3555901,SP,0.0,15.4882,0.0,0.02,0.0,0.0,-0.0018,0.44,Torrinha,0,4,0.0,False
3555802,SP,0.04,4.8057,0.02,0.18,0.11,0.0169,0.0064,2.4,Torre de Pedra,0,5,0.0002,False
3555703,SP,0.0,15.4882,0.0,0.03,0.01,0.0081,0.0116,0.6,Timburi,0,4,0.0,False
3555604,SP,0.03,5.3963,0.03,0.25,0.1,0.0112,0.0033,3.63,Tietê,0,5,0.0002,False
3555406,SP,1.58,0.8776,0.98,5.21,8.91,0.0575,-0.0003,71.58,Teodoro Sampaio,0,3,0.0074,False
3555505,SP,0.02,6.2578,0.02,0.08,0.1,0.0317,-0.0011,1.43,Terra Roxa,0,5,0.0001,False
3555356,SP,0.03,5.7812,0.02,0.12,0.1,0.0192,0.0048,2.23,Tejupá,0,5,0.0002,False
3555109,SP,0.08,3.7882,0.02,0.22,0.12,0.006,0.0116,4.36,Tarumã,0,5,0.0004,False
3555000,SP,0.27,1.9314,0.11,2.67,0.68,0.0053,-0.0037,44.49,Tarabai,0,3,0.0023,False
3555307,SP,0.01,8.9061,0.01,0.04,0.03,0.0231,-0.0147,0.42,Taubaté,0,6,0.0001,False
3555208,SP,0.0,0.0,0.01,0.05,0.02,0.0116,0.0,0.83,Tatuí,0,3,0.0,False
3554953,SP,0.01,10.9302,0.17,0.22,0.24,0.0451,0.0033,2.94,Taquarivaí,0,6,0.0001,False
3554805,SP,0.57,1.3623,2.04,3.0,4.31,0.1194,0.0034,17.06,Taquaritinga,0,3,0.0025,False
3554706,SP,0.07,3.7494,0.15,0.35,0.33,0.0472,-0.0005,3.15,Taquaral,0,5,0.0003,False
3554656,SP,0.01,10.9302,0.0,0.01,0.02,0.0207,-0.0083,0.35,Tapiratiba,0,6,0.0,False
3554904,SP,0.02,7.6967,0.02,0.2,0.06,0.0084,0.0037,2.85,Taquarituba,0,6,0.0001,False
3554755,SP,0.0,0.0,0.01,0.03,0.02,0.0208,0.0,0.47,Outros,0,3,0.0,False
3554508,SP,0.15,2.5366,1.42,5.0,2.69,0.0685,-0.0045,20.77,Tanabi,0,3,0.0012,False
3554409,SP,0.07,3.8523,0.08,0.32,0.2,0.0205,-0.0025,3.47,Tambaú,0,5,0.0003,False
3554607,SP,0.0,15.4882,0.0,0.02,0.01,0.0033,-0.0218,0.74,Tapiraí,0,4,0.0,False
3554300,SP,0.21,2.2728,0.1,0.81,0.4,0.01,-0.004,11.17,Taiúva,0,3,0.001,False
3554102,SP,3.4,0.6252,21.92,52.24,43.72,0.114,0.0009,193.64,Taguaí,0,3,0.0183,True
3554201,SP,0.03,5.7812,0.01,0.08,0.08,0.0259,0.0032,1.01,Taiaçu,0,5,0.0001,False
3554003,SP,0.9,1.2073,2.86,13.88,6.2,0.0533,-0.007,55.77,Taciba,0,3,0.0048,False
3553807,SP,0.16,2.5832,0.05,0.98,0.56,0.034,-0.0021,6.73,Tabatinga,0,3,0.0007,False
3553955,SP,0.06,4.0261,0.06,0.25,0.28,0.0275,-0.0008,4.65,Outros,0,5,0.0003,False
3553708,SP,0.27,1.9845,0.5,2.54,1.62,0.0231,-0.001,33.45,Tabapuã,0,3,0.0019,False
3553658,SP,0.01,10.9302,0.02,0.02,0.04,0.0197,-0.0066,0.86,Suzanápolis,0,6,0.0001,False
3553906,SP,0.04,4.8057,0.05,0.16,0.11,0.0149,0.0041,2.72,Taboão da Serra,0,5,0.0002,False
3553856,SP,0.02,6.8697,0.02,0.13,0.07,0.0162,-0.0044,1.77,Outros,0,5,0.0001,False
3553401,SP,0.13,2.7329,0.13,1.46,0.49,0.0146,-0.0014,14.08,Sud Mennucci,0,3,0.0009,False
3553500,SP,0.1,3.078,0.2,0.2,0.42,0.038,-0.0033,4.89,Sumaré,0,3,0.0005,False
3553203,SP,0.02,6.8697,0.06,0.26,0.19,0.0473,0.0082,2.0,Socorro,0,6,0.0001,False
3553609,SP,0.05,4.5721,0.09,0.44,0.24,0.0337,-0.0056,3.23,Suzano,0,5,0.0003,False
3553302,SP,0.11,3.2255,0.46,1.36,0.84,0.0332,0.0,12.44,Sorocaba,0,5,0.0008,False
3553005,SP,0.01,10.9302,0.03,0.35,0.19,0.0295,0.0002,3.55,Severínia,0,6,0.0001,False
3553104,SP,0.04,5.0767,0.06,0.23,0.2,0.0388,0.002,2.33,Silveiras,0,5,0.0002,False
3552601,SP,0.08,3.7245,0.02,0.38,0.13,0.009,0.0067,3.44,Serrana,0,5,0.0003,False
3552908,SP,0.02,6.8697,0.12,0.08,0.15,0.037,0.0066,2.0,Sete Barras,0,5,0.0001,False
3552809,SP,2.57,1.0437,50.24,49.38,96.85,0.5264,-0.0062,97.94,Sertãozinho,0,3,0.015,True
3552700,SP,0.07,3.8523,0.08,0.65,0.31,0.0233,-0.0029,5.9,Serra Negra,0,5,0.0004,False
3552551,SP,0.02,6.8697,0.02,0.05,0.04,0.0084,-0.0084,1.43,Outros,0,5,0.0001,False
3552502,SP,3.57,0.6717,41.38,51.9,80.16,0.3152,-0.0047,129.01,Serra Azul,0,3,0.0183,True
3552304,SP,0.03,5.3963,0.02,0.12,0.07,0.0061,0.0021,3.53,Sarutaiá,0,5,0.0002,False
3552403,SP,3.67,0.7486,43.39,51.67,67.27,0.283,-0.004,116.22,Sebastianópolis do Sul,0,3,0.0177,True
3552205,SP,5.8,0.5755,38.88,137.62,87.78,0.1082,-0.0037,417.1,Sarapuí,0,3,0.0345,True
3552007,SP,0.02,6.2578,0.07,0.15,0.18,0.0513,-0.0017,1.75,São Simão,0,5,0.0001,False
3552106,SP,0.16,2.5178,0.56,3.31,1.13,0.0322,-0.0018,17.16,São Vicente,0,3,0.0011,False
3551801,SP,0.14,2.9924,0.09,0.28,0.38,0.0186,-0.0003,7.27,São Sebastião,0,3,0.0007,False
3551900,SP,0.1,3.2226,0.05,0.34,0.27,0.0202,-0.005,4.94,São Sebastião da Grama,0,3,0.0005,False
3551702,SP,0.82,1.3487,2.9,25.14,7.24,0.0463,-0.0047,78.32,São Roque,0,3,0.0053,False
3551504,SP,0.28,1.8866,0.76,4.04,2.22,0.047,-0.0034,23.35,São Pedro,0,3,0.0017,False
3551603,SP,0.09,3.1544,0.43,2.75,0.85,0.0274,-0.0023,15.69,São Pedro do Turvo,0,3,0.0008,False
3551405,SP,0.08,3.7882,0.12,0.3,0.31,0.0406,-0.0028,3.26,São Paulo,0,5,0.0004,False
3551306,SP,0.0,15.4882,0.0,0.08,0.01,0.0055,0.0105,0.88,São Miguel Arcanjo,0,4,0.0,False
3551207,SP,0.02,6.8697,0.01,0.07,0.05,0.0169,0.0001,0.99,São Manuel,0,5,0.0001,False
3551108,SP,0.09,3.4007,0.15,0.32,0.4,0.0371,0.0024,4.71,São Luís do Paraitinga,0,5,0.0004,False
3551009,SP,3.62,0.8937,31.61,50.9,87.3,0.2356,-0.0066,196.03,São Lourenço da Serra,0,3,0.0209,True
3550605,SP,0.73,1.2714,5.28,8.98,8.34,0.1067,-0.005,39.04,São José do Barreiro,0,3,0.0038,False
3550803,SP,0.04,4.8057,0.1,0.39,0.21,0.0258,-0.0025,3.68,São José do Rio Preto,0,5,0.0003,False
3550902,SP,0.08,3.4176,0.22,0.5,0.51,0.0324,-0.0024,7.52,São José dos Campos,0,3,0.0005,False
3550407,SP,0.28,1.7261,1.24,2.57,2.6,0.0562,-0.002,23.25,São Joaquim da Barra,0,3,0.0017,False
3550704,SP,1.65,0.8761,1.06,5.76,6.37,0.0403,-0.0037,66.12,São José do Rio Pardo,0,3,0.0074,False
3550506,SP,0.06,4.0261,0.05,0.21,0.18,0.0284,0.0025,2.35,São José da Bela Vista,0,5,0.0003,False
3550209,SP,0.12,2.807,0.3,1.2,1.05,0.0337,-0.0009,15.65,São João das Duas Pontes,0,3,0.0009,False
3550308,SP,131.5,0.7586,2976.39,3690.22,5701.55,0.3062,-0.0071,9542.31,São João do Pau d'Alho,1,2,0.9421,True
3550100,SP,0.17,2.5115,0.36,1.58,1.05,0.0287,-0.0041,17.4,São João da Boa Vista,0,3,0.0011,False
3549953,SP,0.24,2.0283,1.3,0.68,2.18,0.1711,-0.0015,6.11,Outros,0,3,0.001,False
3550001,SP,0.06,4.1478,0.07,0.42,0.36,0.0243,-0.0053,6.95,São Francisco,0,3,0.0004,False
3549904,SP,6.22,0.6983,73.99,146.52,126.05,0.1942,-0.0048,327.77,São Carlos,0,3,0.0346,True
3549805,SP,2.55,0.6158,11.19,103.64,29.69,0.0377,-0.0013,407.59,São Caetano do Sul,0,3,0.0218,True
3549706,SP,0.09,3.3085,0.43,3.13,1.32,0.0266,0.0,26.4,São Bernardo do Campo,0,5,0.0012,False
3549607,SP,0.05,4.1874,0.0,0.05,0.07,0.0064,-0.0103,1.49,São Bento do Sapucaí,0,5,0.0002,False
3549409,SP,0.21,2.5525,0.22,2.93,1.03,0.0174,-0.0077,26.94,Santópolis do Aguapeí,0,3,0.0015,False
3549300,SP,0.0,0.0,0.0,0.03,0.0,0.004,0.0,0.6,Santo Expedito,0,3,0.0,False
3549508,SP,0.06,4.1478,0.08,0.2,0.22,0.0196,-0.0028,4.5,Santos,0,5,0.0003,False
3549250,SP,0.0,15.4882,0.0,0.02,0.02,0.0156,-0.0191,0.46,Outros,0,4,0.0,False
3549102,SP,0.18,2.4427,0.73,4.91,2.36,0.032,-0.0015,38.72,Santo Antônio do Jardim,0,3,0.0019,False
3549003,SP,0.01,8.9061,0.0,0.06,0.01,0.0,-0.0159,0.61,Santo Antônio do Aracanguá,0,6,0.0001,False
3548906,SP,1.55,0.8212,3.2,33.01,14.67,0.0461,0.0014,160.58,Santo Antônio de Posse,0,3,0.0104,True
3548708,SP,7.82,0.8192,252.93,181.85,377.78,0.4826,-0.0067,397.64,Santo André,0,3,0.0523,True
3548609,SP,0.05,4.3679,0.05,0.54,0.14,0.0112,0.0058,4.71,Santo Anastácio,0,5,0.0003,False
3548807,SP,0.38,1.6767,52.47,65.01,67.18,0.3325,-0.0047,103.59,Santo Antônio da Alegria,0,3,0.0073,False
3548500,SP,2.66,0.9818,24.74,131.65,76.47,0.102,-0.0072,401.93,Santa Salete,0,3,0.024,True
3548401,SP,0.01,15.4901,0.03,0.07,0.09,0.0209,-0.0064,2.17,Santa Rosa de Viterbo,0,4,0.0001,False
3548302,SP,0.02,6.8697,0.0,0.02,0.02,0.0,-0.0041,0.69,Santa Rita do Passa Quatro,0,5,0.0001,False
3548203,SP,0.0,0.0,0.06,0.34,0.12,0.0206,0.0,3.48,Santa Rita d'Oeste,0,3,0.0001,False
3548104,SP,0.01,8.9061,0.14,0.4,0.21,0.0633,-0.0019,1.78,Santana de Parnaíba,0,6,0.0001,False
3548054,SP,0.07,3.7494,0.04,0.1,0.13,0.0106,0.0079,3.61,Santana da Ponte Pensa,0,5,0.0003,False
3548005,SP,0.32,1.7143,1.03,2.12,1.75,0.086,-0.0049,9.14,Santa Mercedes,0,3,0.0013,False
3547908,SP,0.02,6.2578,0.09,0.15,0.18,0.0269,0.0037,3.37,Santa Maria da Serra,0,5,0.0002,False
3547809,SP,6.54,0.7006,292.75,285.38,434.51,0.4732,-0.0061,466.72,Santa Lúcia,0,3,0.053,True
3547700,SP,0.13,2.6966,0.03,0.32,0.25,0.0111,-0.0017,6.02,Santa Isabel,0,3,0.0006,False
3547304,SP,1.27,1.1986,2.43,3.98,6.25,0.1014,-0.0089,26.82,Santa Cruz das Palmeiras,0,3,0.005,False
3547205,SP,0.0,15.4882,0.0,0.03,0.01,0.0061,0.022,0.4,Santa Cruz da Esperança,0,4,0.0,False
3547650,SP,0.0,0.0,0.01,0.02,0.01,0.0207,0.0,0.35,Santa Gertrudes,0,3,0.0,False
3547403,SP,0.0,15.4882,0.0,0.05,0.01,0.0065,0.0055,0.37,Santa Cruz do Rio Pardo,0,4,0.0,False
3547502,SP,0.17,2.4341,0.56,1.33,1.17,0.0357,0.0004,15.85,Santa Ernestina,0,3,0.0011,False
3547601,SP,0.11,2.9297,0.17,0.72,0.53,0.0261,-0.0022,9.18,Santa Fé do Sul,0,3,0.0007,False
3546900,SP,0.08,3.4176,0.05,0.29,0.21,0.0348,-0.0023,2.18,Santa Branca,0,3,0.0003,False
3547106,SP,0.02,6.8697,0.01,0.03,0.03,0.0099,0.0093,0.73,Santa Cruz da Conceição,0,6,0.0001,False
3547007,SP,0.05,4.5721,0.52,0.25,0.62,0.1221,0.0036,2.64,Santa Clara d'Oeste,0,5,0.0002,False
3546801,SP,0.59,1.322,4.94,5.97,7.47,0.1315,-0.0025,28.51,Santa Bárbara d'Oeste,0,3,0.003,False
3546702,SP,0.2,2.3308,1.02,2.77,1.76,0.0882,-0.0002,9.84,Santa Albertina,0,3,0.001,False
3546504,SP,0.04,5.0767,0.06,0.15,0.18,0.0612,-0.0089,1.29,Sandovalina,0,5,0.0002,False
3546306,SP,0.29,1.9281,0.72,1.29,1.56,0.0454,-0.0041,15.74,Salto de Pirapora,0,3,0.0014,False
3546603,SP,0.1,3.1903,0.07,1.85,0.46,0.0092,0.0044,22.27,Santa Adélia,0,5,0.001,False
3546405,SP,0.23,2.2296,0.13,1.45,0.79,0.0139,-0.0073,22.96,Salto Grande,0,3,0.0015,False
3546207,SP,0.01,8.9061,0.24,0.3,0.38,0.0647,0.0007,3.24,Saltinho,0,6,0.0002,False
3546256,SP,0.01,8.9061,0.02,0.02,0.04,0.0172,-0.0067,0.98,Salto,0,6,0.0001,False
3546009,SP,0.09,3.3085,0.25,0.91,0.65,0.0493,-0.007,6.34,Salesópolis,0,3,0.0005,False
3545704,SP,0.04,5.0767,0.01,0.18,0.08,0.0229,0.0045,1.15,Sagres,0,5,0.0002,False
3545605,SP,0.03,6.054,0.09,0.47,0.22,0.0335,-0.0044,3.11,Sabino,0,5,0.0002,False
3545407,SP,0.08,3.5001,0.1,0.39,0.25,0.0166,-0.0005,5.86,Rubiácea,0,5,0.0004,False
3545803,SP,1.38,0.9003,8.23,41.3,16.36,0.0858,-0.0045,96.56,Sales,0,3,0.0079,False
3545209,SP,1.12,1.174,4.67,19.91,8.49,0.0881,-0.0052,46.09,Rosana,0,3,0.0052,False
3545308,SP,0.39,1.6938,1.32,3.2,2.66,0.0644,-0.0014,19.67,Roseira,0,3,0.0019,False
3545001,SP,0.1,3.078,0.16,0.65,0.43,0.0311,-0.0003,6.15,Rio das Pedras,0,3,0.0005,False
3545100,SP,0.01,8.9061,0.0,0.04,0.02,0.0042,0.0095,1.14,Rio Grande da Serra,0,6,0.0001,False
3544806,SP,0.04,5.0767,0.02,0.11,0.09,0.0151,-0.0058,2.06,Rinópolis,0,5,0.0002,False
3544905,SP,0.04,4.8057,0.19,0.45,0.35,0.0384,0.0063,4.49,Rio Claro,0,5,0.0003,False
3544251,SP,0.24,2.1352,0.08,0.52,0.37,0.0062,-0.0041,12.3,Ribeirão Grande,0,3,0.0011,False
3544608,SP,0.05,4.1874,0.02,0.15,0.12,0.0115,0.0014,3.11,Rifaina,0,5,0.0003,False
3544707,SP,0.0,15.4882,0.0,0.0,0.01,0.0043,0.0061,0.56,Rincão,0,4,0.0,False
3544400,SP,0.01,8.9061,0.0,0.03,0.02,0.0102,0.0093,0.71,Ribeirão Preto,0,6,0.0001,False
3544301,SP,0.12,2.8461,0.31,0.35,0.8,0.0706,0.0034,5.36,Ribeirão Pires,0,5,0.0006,False
3544509,SP,0.01,10.9302,0.02,0.08,0.04,0.0181,0.0149,1.07,Riversul,0,6,0.0001,False
3543501,SP,0.02,6.8697,0.01,0.06,0.08,0.0134,-0.0023,2.49,Registro,0,5,0.0001,False
3544103,SP,0.39,1.5921,0.95,2.06,3.1,0.1105,-0.0036,13.52,Ribeirão do Sul,0,3,0.0017,False
3543808,SP,0.05,4.3679,0.03,0.17,0.11,0.0199,-0.0065,1.79,Ribeirão Bonito,0,5,0.0002,False
3543709,SP,0.09,3.1544,0.12,0.26,0.38,0.0408,-0.0055,4.04,Ribeira,0,3,0.0004,False
3544202,SP,0.08,4.4523,0.02,0.11,0.16,0.0125,-0.0016,4.01,Ribeirão dos Índios,0,5,0.0004,False
3543402,SP,4.46,0.7036,48.74,161.72,108.33,0.0993,-0.0025,578.94,Reginópolis,0,3,0.0364,True
3544004,SP,0.33,1.7284,1.14,2.59,2.2,0.068,-0.0046,15.29,Ribeirão Corrente,0,3,0.0016,False
3543907,SP,2.38,0.8505,18.7,51.68,33.23,0.1239,-0.002,135.98,Ribeirão Branco,0,3,0.0129,True
3543600,SP,0.02,6.2578,0.03,0.12,0.09,0.0188,0.0025,2.04,Restinga,0,5,0.0001,False
3543253,SP,0.02,6.2578,0.04,0.19,0.12,0.0203,0.0086,2.59,Redenção da Serra,0,6,0.0002,False
3543238,SP,0.01,10.9302,0.0,0.04,0.01,0.0,0.0123,0.36,Rancharia,0,6,0.0,False
3543303,SP,1.22,1.0098,15.94,21.4,24.85,0.247,-0.0054,50.73,Regente Feijó,0,3,0.0064,False
3543204,SP,0.03,5.7812,0.02,0.16,0.07,0.02,0.0046,1.08,Rafard,0,5,0.0001,False
3543006,SP,0.1,3.0062,0.05,0.32,0.25,0.0152,-0.0036,5.78,Queluz,0,3,0.0005,False
3543105,SP,0.04,5.0767,0.04,0.1,0.1,0.017,0.0017,2.11,Quintana,0,5,0.0002,False
3542909,SP,0.07,3.8523,0.12,0.33,0.4,0.0405,-0.0011,4.55,Queiroz,0,5,0.0004,False
3542800,SP,0.03,5.7812,0.0,0.05,0.04,0.0146,-0.0028,0.5,Quatá,0,5,0.0001,False
3542602,SP,0.32,1.6662,0.41,2.65,2.34,0.0321,-0.001,35.73,Promissão,0,3,0.0022,False
3542701,SP,0.08,3.6076,0.12,0.23,0.29,0.0294,-0.0017,4.1,Quadra,0,5,0.0004,False
3542305,SP,0.02,6.8697,0.02,0.13,0.12,0.0285,0.01,2.08,Presidente Epitácio,0,6,0.0001,False
3542107,SP,0.06,4.3985,0.6,0.5,0.74,0.1248,-0.0028,3.0,Presidente Alves,0,5,0.0003,False
3542404,SP,0.12,3.0043,0.05,0.52,0.23,0.0083,0.0011,7.79,Presidente Prudente,0,5,0.0006,False
3542503,SP,0.02,6.2578,0.02,0.07,0.07,0.0208,0.0017,1.27,Presidente Venceslau,0,5,0.0001,False
3542206,SP,0.16,2.5178,0.09,0.84,0.42,0.0113,-0.0005,13.47,Presidente Bernardes,0,3,0.0009,False
3542008,SP,0.0,15.4882,0.02,0.08,0.05,0.0187,-0.0009,1.29,Pratânia,0,4,0.0001,False
3541703,SP,0.06,4.3208,0.03,0.18,0.16,0.0183,0.0012,3.25,Pracinha,0,5,0.0003,False
3541604,SP,0.2,2.2961,0.38,2.42,1.2,0.0184,-0.0045,31.18,Potim,0,3,0.0016,False
3541653,SP,0.0,15.4882,0.11,0.09,0.16,0.0727,-0.0105,1.25,Potirendaba,0,4,0.0001,False
3541901,SP,0.06,4.1478,0.12,0.3,0.61,0.0704,0.0046,4.4,Praia Grande,0,5,0.0004,False
3541505,SP,0.23,2.0818,0.04,0.64,0.33,0.0037,-0.002,15.34,Porto Ferreira,0,3,0.0012,False
3541802,SP,0.02,6.2578,0.01,0.06,0.04,0.0064,0.0102,1.13,Pradópolis,0,6,0.0001,False
3541406,SP,1.37,0.9531,0.82,13.78,5.3,0.0161,-0.0032,139.52,Porto Feliz,0,3,0.0088,True
3541307,SP,0.25,2.0801,0.13,1.24,0.55,0.0061,-0.0048,28.67,Porangaba,0,3,0.0017,False
3541059,SP,0.03,5.7812,0.08,0.16,0.16,0.0749,0.001,1.0,Pontalinda,0,5,0.0001,False
3541208,SP,0.04,5.6323,0.02,0.14,0.07,0.0064,-0.0096,3.0,Populina,0,5,0.0002,False
3541000,SP,3.34,0.9447,49.35,71.89,115.73,0.2336,-0.0059,260.86,Pontal,0,3,0.0233,True
3541109,SP,0.01,8.9061,0.02,0.05,0.05,0.0225,0.0172,0.86,Pontes Gestal,0,6,0.0001,False
3540903,SP,0.17,2.4952,0.26,0.8,0.63,0.0284,0.0014,9.25,Pongaí,0,3,0.0008,False
3540804,SP,0.08,3.5192,0.03,0.72,0.31,0.0216,0.0011,6.26,Poloni,0,5,0.0004,False
3540853,SP,0.0,0.0,0.0,0.01,0.0,0.0,0.0,0.33,Pompéia,0,3,0.0,False
3540705,SP,0.4,1.6147,2.07,5.08,3.97,0.0643,-0.0039,31.02,Poá,0,3,0.0024,False
3540754,SP,0.39,1.8053,0.24,0.37,1.23,0.0864,0.004,5.43,Outros,0,3,0.0014,False
3540507,SP,0.02,7.6967,0.15,0.22,0.3,0.0556,0.0071,2.94,Planalto,0,6,0.0002,False
3540606,SP,0.28,1.9375,2.85,4.4,4.43,0.099,-0.0011,23.12,Platina,0,3,0.0018,False
3540408,SP,0.04,5.0767,0.0,0.09,0.05,0.0072,0.0008,1.0,Pitangueiras,0,5,0.0001,False
3540200,SP,0.4,1.63,0.93,2.3,2.52,0.0907,-0.0052,12.95,Pirassununga,0,3,0.0017,False
3540309,SP,0.02,7.6967,0.0,0.03,0.03,0.01,-0.0067,0.96,Piratininga,0,6,0.0001,False
3540002,SP,0.04,5.6323,0.02,0.37,0.13,0.0075,0.0059,7.02,Pirapora do Bom Jesus,0,5,0.0003,False
3540259,SP,0.02,6.8697,0.06,0.07,0.1,0.04,0.0044,1.19,Outros,0,5,0.0001,False
3539806,SP,0.89,1.2238,18.85,19.18,37.1,0.3842,-0.005,50.55,Pirajuí,0,3,0.0059,False
3540101,SP,0.01,8.9061,0.02,0.05,0.08,0.0461,-0.0059,0.83,Pirapozinho,0,6,0.0001,False
3539905,SP,0.03,5.7812,0.02,0.16,0.09,0.0168,0.0009,1.99,Pirangi,0,5,0.0002,False
3539707,SP,0.0,15.4882,0.01,0.04,0.03,0.0122,-0.0222,1.19,Piraju,0,4,0.0001,False
3539509,SP,0.33,1.7902,0.29,1.56,1.34,0.0249,-0.0027,23.04,Piracaia,0,3,0.0018,False
3539608,SP,0.02,6.8697,0.03,0.17,0.11,0.0254,-0.0012,1.97,Piracicaba,0,5,0.0001,False
3539004,SP,0.06,4.1478,0.11,0.48,0.32,0.0297,0.0058,4.95,Pindamonhangaba,0,5,0.0004,False
3539400,SP,0.08,3.7245,0.05,0.59,0.31,0.0287,0.0012,4.61,Piquete,0,5,0.0004,False
3539202,SP,0.17,2.5548,0.08,0.78,0.35,0.0133,-0.005,7.86,Pinhalzinho,0,3,0.0008,False
3539103,SP,0.23,2.0917,0.15,0.44,0.88,0.0507,0.0022,7.14,Pindorama,0,3,0.001,False
3538501,SP,0.1,3.0062,0.13,0.24,0.5,0.0506,0.0014,4.41,Pereiras,0,5,0.0005,False
3538808,SP,0.12,2.9073,0.09,1.02,0.43,0.0199,-0.0029,8.93,Piedade,0,3,0.0007,False
3538907,SP,0.09,3.4557,0.06,0.48,0.25,0.0118,0.0057,7.88,Pilar do Sul,0,5,0.0005,False
3538709,SP,2.93,0.6528,34.12,101.02,53.32,0.1018,-0.0026,272.36,Piacatu,0,3,0.0197,True
3538600,SP,0.18,2.3756,0.39,1.61,1.0,0.0334,-0.0026,13.91,Peruíbe,0,3,0.001,False
3538204,SP,0.07,3.9926,0.19,0.69,0.37,0.0266,-0.0046,6.41,Pedro de Toledo,0,3,0.0004,False
3538303,SP,0.01,8.9061,0.0,0.05,0.02,0.0032,0.0089,0.76,Penápolis,0,6,0.0001,False
3538006,SP,1.61,0.9199,6.67,14.15,17.5,0.1067,0.0025,82.16,Pedreira,0,3,0.0082,False
3538105,SP,0.1,3.078,0.05,0.66,0.29,0.0203,0.0021,5.49,Pedrinhas Paulista,0,5,0.0005,False
3537909,SP,0.15,2.7477,0.58,1.54,1.24,0.0463,0.0054,13.3,Pedregulho,0,5,0.0009,False
3537701,SP,0.02,6.2578,0.01,0.1,0.06,0.0141,0.0007,1.52,Pedra Bela,0,5,0.0001,False
3537503,SP,0.02,6.2578,0.18,0.33,0.24,0.0472,-0.0041,2.61,Paulo de Faria,0,5,0.0002,False
3537800,SP,0.34,1.7959,1.77,3.21,2.95,0.057,-0.0026,25.58,Pedranópolis,0,3,0.002,False
3537602,SP,1.1,1.1182,3.78,9.0,13.85,0.0983,-0.0026,71.77,Pederneiras,0,3,0.0062,False
3537404,SP,0.25,1.9874,0.13,0.85,0.59,0.0115,-0.0054,16.99,Paulistânia,0,3,0.0013,False
3537305,SP,0.29,1.7881,0.55,4.12,1.55,0.0177,-0.0059,40.98,Paulínia,0,3,0.0022,False
3537156,SP,0.01,10.9302,0.02,0.02,0.05,0.0284,-0.0025,0.76,Outros,0,6,0.0001,False
3537107,SP,0.14,2.5964,1.71,7.72,2.86,0.0785,-0.0031,19.31,Patrocínio Paulista,0,3,0.0011,False
3536802,SP,0.02,6.8697,0.07,0.21,0.15,0.0298,-0.007,2.4,Pardinho,0,5,0.0001,False
3537206,SP,0.12,2.8667,0.1,0.31,0.39,0.0291,-0.0058,5.28,Paulicéia,0,3,0.0005,False
3537008,SP,0.08,3.3235,0.1,0.55,0.31,0.015,0.0018,8.75,Parisi,0,5,0.0005,False
3536901,SP,0.01,10.9302,0.0,0.03,0.01,0.0035,-0.0115,0.68,Pariquera-Açu,0,6,0.0,False
3536703,SP,0.35,1.6999,0.29,2.82,1.28,0.0203,-0.0031,26.2,Parapuã,0,3,0.0019,False
3536406,SP,0.02,6.6927,0.03,0.29,0.07,0.0095,0.0059,2.91,Paraibuna,0,5,0.0002,False
3536570,SP,0.02,7.6967,0.02,0.03,0.03,0.0238,-0.0067,0.41,Outros,0,6,0.0001,False
3536505,SP,0.68,1.2046,6.43,18.23,11.83,0.0937,-0.0013,65.8,Paranapanema,0,3,0.0046,False
3536604,SP,0.09,3.4557,0.05,0.1,0.18,0.0143,-0.0063,3.65,Paranapuã,0,3,0.0004,False
3536307,SP,0.07,3.7494,0.23,0.76,0.59,0.0354,0.0019,8.42,Paraguaçu Paulista,0,5,0.0005,False
3536257,SP,0.01,10.9302,0.0,0.05,0.02,0.0067,0.011,0.72,Outros,0,6,0.0,False
3536208,SP,0.12,3.2004,0.17,0.8,0.6,0.0258,-0.005,10.37,Panorama,0,3,0.0007,False
3536109,SP,0.02,6.8697,0.1,0.17,0.18,0.0388,0.012,2.33,Palmital,0,6,0.0001,False
3536000,SP,0.08,3.7245,0.1,0.21,0.23,0.0202,-0.0033,4.47,Palmeira d'Oeste,0,5,0.0004,False
3535903,SP,0.02,7.4994,0.01,0.12,0.04,0.0107,0.0166,1.18,Palmares Paulista,0,6,0.0001,False
3535804,SP,0.05,4.7356,0.06,0.21,0.2,0.0227,-0.0097,3.77,Palestina,0,5,0.0003,False
3535705,SP,0.01,8.6786,0.03,0.11,0.07,0.0202,-0.0049,1.63,Pacaembu,0,6,0.0001,False
3535507,SP,0.34,1.8748,0.21,1.48,1.22,0.0173,-0.0023,28.88,Ouroeste,0,3,0.002,False
3535606,SP,0.13,2.7329,0.25,0.99,0.79,0.0447,-0.0021,8.26,Ouro Verde,0,3,0.0007,False
3535408,SP,0.12,2.972,0.04,0.62,0.24,0.0069,-0.0023,10.41,Ourinhos,0,3,0.0007,False
3535309,SP,0.14,2.5497,0.2,0.86,0.75,0.032,0.0001,10.73,Osvaldo Cruz,0,3,0.0008,False
3535200,SP,0.06,4.7875,0.01,0.25,0.1,0.0123,-0.0022,2.18,Oscar Bressane,0,5,0.0002,False
3535101,SP,0.07,4.037,0.02,0.18,0.13,0.0157,-0.0022,2.24,Osasco,0,5,0.0003,False
3535002,SP,0.03,5.631,0.04,0.33,0.11,0.0142,-0.0019,3.01,Orlândia,0,5,0.0002,False
3534906,SP,0.04,5.0767,0.02,0.17,0.07,0.0049,-0.0076,3.92,Orindiúva,0,5,0.0002,False
3534757,SP,0.02,6.422,0.08,0.26,0.17,0.0271,0.0104,3.13,Outros,0,6,0.0002,False
3534708,SP,0.66,1.2637,0.92,6.75,3.32,0.0195,-0.0024,77.92,Onda Verde,0,3,0.0046,False
3534807,SP,0.04,4.8057,0.01,0.04,0.08,0.0154,-0.0018,1.56,Oriente,0,5,0.0002,False
3534609,SP,0.11,3.2424,0.05,0.54,0.29,0.0072,-0.0038,14.38,Olímpia,0,3,0.0008,False
3534401,SP,8.07,0.8871,113.35,207.62,250.08,0.3654,-0.0065,354.25,Ocauçu,0,3,0.0463,True
3534302,SP,0.25,2.1131,0.41,3.55,1.33,0.0319,-0.009,19.27,Nuporanga,0,3,0.0014,False
3534500,SP,0.01,13.8537,0.01,0.04,0.02,0.008,-0.0011,0.75,Óleo,0,4,0.0,False
3534203,SP,0.02,8.4478,0.06,0.16,0.09,0.0206,-0.0225,2.04,Novo Horizonte,0,6,0.0001,False
3534104,SP,0.03,5.7812,0.0,0.11,0.05,0.0082,-0.0059,1.75,Nova Ubiratã,0,5,0.0001,False
3534005,SP,0.02,6.511,0.04,0.17,0.1,0.0159,0.002,2.68,Nova Santa Rosa,0,5,0.0002,False
3533700,SP,0.02,6.2578,0.04,0.03,0.11,0.036,-0.006,1.33,Nova Prata,0,5,0.0001,False
3533601,SP,0.01,8.6786,0.04,0.15,0.09,0.0116,0.0074,3.68,Nova Ponte,0,6,0.0002,False
3533809,SP,0.02,7.4994,0.01,0.08,0.04,0.0171,0.0148,0.74,Nova Roma do Sul,0,6,0.0001,False
3533908,SP,0.22,2.2124,0.38,3.82,1.42,0.0173,-0.0078,39.68,Nova Santa Rita,0,3,0.002,False
3533502,SP,0.17,2.4537,0.19,1.82,0.78,0.0152,-0.0008,23.08,Nova Palma,0,3,0.0013,False
3533254,SP,0.01,8.9061,0.02,0.09,0.05,0.0213,-0.002,1.02,Novais,0,6,0.0001,False
3533304,SP,0.01,10.6523,0.0,0.04,0.01,0.0027,-0.0137,0.95,Nova Luzitânia,0,6,0.0001,False
3533106,SP,0.01,10.0736,0.0,0.02,0.01,0.0059,0.0242,0.48,Nova Guataporanga,0,6,0.0,False
3533205,SP,0.01,10.6523,0.0,0.04,0.03,0.007,0.0009,1.44,Nova Independência,0,6,0.0001,False
3533403,SP,0.3,1.7685,4.54,11.83,7.06,0.1117,-0.0015,33.17,Nova Odessa,0,3,0.0022,False
3533007,SP,0.13,2.5747,0.09,0.82,0.36,0.013,-0.0003,9.86,Nova Granada,0,3,0.0007,False
3532900,SP,0.05,4.7356,0.07,0.32,0.25,0.045,-0.0071,2.52,Nova Europa,0,5,0.0002,False
3532868,SP,0.0,14.6938,0.01,0.02,0.03,0.0417,-0.0109,0.33,Nova Castilho,0,4,0.0,False
3532843,SP,0.0,14.2799,0.0,0.02,0.01,0.0113,0.0068,0.51,Nova Canaã Paulista,0,4,0.0,False
3532827,SP,0.04,5.0767,0.01,0.15,0.09,0.0091,0.0019,3.16,Nova Campina,0,5,0.0002,False
3532801,SP,0.01,8.4451,0.01,0.25,0.11,0.0223,0.0054,2.38,Nova Aliança,0,6,0.0001,False
3532702,SP,0.02,7.4994,0.0,0.16,0.04,0.0051,0.0152,2.49,Nipoã,0,6,0.0001,False
3532504,SP,0.04,5.1107,0.04,0.2,0.14,0.0167,-0.0011,3.48,Neves Paulista,0,5,0.0002,False
3532603,SP,0.02,7.1641,0.06,0.45,0.13,0.0165,0.0103,4.02,Nhandeara,0,6,0.0002,False
3532405,SP,0.41,1.6013,1.21,1.14,2.21,0.1078,-0.0097,9.09,Nazaré Paulista,0,3,0.0016,False
3532157,SP,0.01,10.9302,0.02,0.02,0.03,0.0162,-0.0023,0.74,Nantes,0,6,0.0,False
3532306,SP,0.1,2.9402,0.04,0.29,0.2,0.0169,0.0051,3.15,Natividade da Serra,0,5,0.0004,False
3532108,SP,0.01,8.9061,0.0,0.09,0.02,0.0013,-0.0067,1.82,Murutinga do Sul,0,6,0.0001,False
3532207,SP,0.02,7.2966,0.01,0.05,0.03,0.0041,0.0098,1.95,Narandiba,0,6,0.0001,False
3532058,SP,0.02,7.6967,0.09,0.11,0.14,0.0665,0.0056,1.05,Motuca,0,6,0.0001,False
3532009,SP,0.08,3.6076,0.33,0.84,0.68,0.0697,0.0002,4.78,Morungaba,0,5,0.0004,False
3531704,SP,0.02,6.2578,0.1,0.22,0.21,0.0528,0.0001,2.02,Monteiro Lobato,0,5,0.0001,False
3531902,SP,0.24,1.9298,0.28,1.23,1.1,0.0299,-0.0001,16.27,Morro Agudo,0,3,0.0013,False
3531803,SP,0.99,1.1521,5.13,4.56,8.75,0.1931,-0.0057,21.26,Monte Mor,0,3,0.0041,False
3531308,SP,0.19,2.5011,0.37,3.84,1.73,0.035,-0.0036,25.02,Monte Alto,0,3,0.0014,False
3531605,SP,0.01,8.9061,0.01,0.05,0.03,0.0125,-0.015,0.77,Monte Castelo,0,6,0.0001,False
3531506,SP,0.09,3.3085,0.07,0.68,0.38,0.0151,-0.0048,10.92,Monte Azul Paulista,0,3,0.0006,False
3531407,SP,0.15,2.3472,0.1,0.98,0.43,0.0139,-0.0,11.29,Monte Aprazível,0,3,0.0008,False
3531209,SP,0.01,8.9061,0.04,0.26,0.13,0.0299,0.0068,2.23,Monte Alegre do Sul,0,6,0.0001,False
3531100,SP,0.67,1.367,6.37,13.65,19.0,0.1463,-0.0042,68.51,Mongaguá,0,3,0.005,False
3531001,SP,0.01,8.9061,0.04,0.06,0.05,0.0267,0.0114,0.81,Monções,0,6,0.0001,False
3530706,SP,0.78,1.1837,6.59,27.25,16.62,0.0943,-0.002,93.25,Mogi Guaçu,0,3,0.006,False
3530904,SP,0.04,5.0767,0.08,0.18,0.14,0.044,-0.0038,1.36,Mombuca,0,5,0.0002,False
3530805,SP,0.58,1.3701,6.24,23.02,12.13,0.0916,-0.0022,70.08,Mogi Mirim,0,3,0.0045,False
3530607,SP,3.35,0.7366,19.52,57.43,44.79,0.1142,-0.0035,199.41,Mogi das Cruzes,0,3,0.0184,True
3530508,SP,0.26,1.9713,0.87,4.18,2.33,0.0352,-0.0051,33.28,Mococa,0,3,0.0019,False
3530201,SP,0.13,2.788,0.08,0.42,0.28,0.0082,-0.0011,10.21,Mirante do Paranapanema,0,3,0.0007,False
3530102,SP,0.16,2.5178,0.05,0.37,0.36,0.0099,0.0002,11.54,Mirandópolis,0,3,0.0009,False
3530409,SP,0.02,6.6515,0.01,0.19,0.03,0.0027,0.0119,2.4,Mirassolândia,0,6,0.0001,False
3529609,SP,0.0,15.4882,0.02,0.08,0.03,0.0134,-0.0124,1.08,Meridiano,0,4,0.0,False
3530300,SP,0.27,2.0461,0.43,3.32,1.48,0.0171,-0.0001,40.34,Mirassol,0,3,0.0022,False
3530003,SP,0.01,8.9061,0.01,0.07,0.03,0.0108,-0.002,1.11,Mira Estrela,0,6,0.0001,False
3529906,SP,0.52,1.4271,1.58,0.95,4.65,0.1348,-0.0027,16.94,Miracatu,0,3,0.0023,False
3529658,SP,0.01,10.9302,0.0,0.01,0.01,0.0,0.0045,0.36,Mesópolis,0,6,0.0,False
3529401,SP,5.41,0.8163,104.18,91.74,161.32,0.4579,-0.0063,176.47,Mauá,0,3,0.0289,True
3529807,SP,0.05,4.3679,0.06,0.39,0.2,0.0185,-0.0003,4.79,Mineiros do Tietê,0,5,0.0003,False
3529708,SP,0.25,1.9777,0.42,1.27,1.36,0.0306,-0.0025,20.67,Miguelópolis,0,3,0.0015,False
3529500,SP,0.02,7.249,0.04,0.21,0.08,0.0106,-0.0021,2.93,Mendonça,0,5,0.0002,False
3528700,SP,0.02,6.2578,0.0,0.01,0.03,0.0016,0.0031,1.52,Marabá Paulista,0,5,0.0001,False
3529005,SP,1.32,0.9399,1.0,14.05,7.32,0.0219,-0.0018,156.29,Marília,0,3,0.0093,True
3528809,SP,0.08,3.7245,0.08,0.51,0.22,0.0177,-0.0058,4.71,Maracaí,0,3,0.0004,False
3529302,SP,0.34,1.8745,0.74,7.8,2.5,0.0327,-0.0037,37.54,Matão,0,3,0.0023,False
3528304,SP,0.01,10.9302,0.0,0.05,0.01,0.0,0.0055,0.85,Magda,0,6,0.0001,False
3528908,SP,0.02,6.8697,0.0,0.02,0.02,0.0029,-0.0073,0.83,Mariápolis,0,5,0.0001,False
3528403,SP,0.75,1.2145,2.25,4.37,4.14,0.0885,-0.0062,21.0,Mairinque,0,3,0.0031,False
3528601,SP,0.04,5.6323,0.05,0.22,0.15,0.0369,0.0054,1.73,Manduri,0,5,0.0002,False
3528502,SP,1.48,0.8767,9.3,10.45,15.83,0.1963,-0.0038,39.03,Mairiporã,0,3,0.0064,False
3528007,SP,0.06,4.3208,0.19,0.74,0.51,0.0404,0.0027,6.37,Macatuba,0,5,0.0004,False
3527801,SP,0.02,6.8697,0.0,0.03,0.03,0.0064,0.0013,1.13,Lupércio,0,5,0.0001,False
3528106,SP,0.03,6.054,0.0,0.24,0.06,0.0049,-0.0078,3.44,Macaubal,0,5,0.0002,False
3527900,SP,0.0,15.4882,0.0,0.02,0.02,0.0098,-0.0176,0.98,Lutécia,0,4,0.0,False
3527603,SP,0.05,4.1874,0.27,0.35,0.42,0.0537,-0.0033,3.89,Luís Antônio,0,5,0.0003,False
3527702,SP,0.04,4.8057,0.01,0.07,0.08,0.0182,-0.0009,1.05,Luiziânia,0,5,0.0002,False
3527306,SP,0.15,2.6574,2.8,4.44,4.37,0.1281,-0.0027,18.01,Louveira,0,3,0.0012,False
3527207,SP,1.7,0.8088,1.45,4.95,8.43,0.086,0.0005,43.3,Lorena,0,3,0.0069,False
3527405,SP,0.07,3.9926,0.02,0.28,0.14,0.0064,0.0009,6.73,Lucélia,0,5,0.0004,False
3527504,SP,0.01,10.9302,0.0,0.02,0.01,0.0,0.0034,0.62,Lucianópolis,0,6,0.0,False
3527256,SP,0.0,15.4882,0.0,0.05,0.02,0.0143,0.0101,0.67,Lourdes,0,4,0.0,False
3527108,SP,0.55,1.3275,0.62,7.51,3.06,0.0243,0.0013,58.79,Lins,0,3,0.0037,False
3526803,SP,0.22,2.0298,0.72,3.42,2.07,0.0344,0.0008,30.37,Lençóis Paulista,0,3,0.0017,False
3527009,SP,0.01,8.9061,0.1,0.69,0.2,0.0348,-0.0041,3.08,Lindóia,0,6,0.0001,False
3526902,SP,1.48,1.0001,22.02,78.66,39.16,0.1096,-0.0045,188.77,Limeira,0,3,0.0121,True
3526209,SP,0.57,1.4809,1.58,1.31,3.57,0.0951,-0.0045,17.34,Juquitiba,0,3,0.0024,False
3526407,SP,0.17,2.3946,0.4,1.2,0.93,0.0331,-0.0032,12.96,Laranjal Paulista,0,3,0.001,False
3526704,SP,0.98,1.0275,3.0,12.01,8.13,0.0611,-0.0016,65.6,Leme,0,3,0.0054,False
3526506,SP,0.04,4.8057,0.0,0.02,0.06,0.0039,-0.0047,2.47,Lavínia,0,5,0.0002,False
3526605,SP,0.08,3.7245,0.09,0.25,0.38,0.0503,0.0031,3.42,Lavrinhas,0,5,0.0004,False
3526308,SP,0.03,5.7812,0.01,0.15,0.1,0.0205,0.0018,1.87,Lagoinha,0,5,0.0002,False
3526100,SP,0.36,1.7611,0.28,0.54,1.34,0.0395,-0.0072,14.05,Juquiá,0,3,0.0016,False
3525854,SP,0.01,10.9302,0.05,0.09,0.15,0.0717,0.0026,1.12,Jumirim,0,6,0.0001,False
3525904,SP,2.41,0.7653,46.48,102.94,71.05,0.1377,-0.0042,270.48,Jundiaí,0,3,0.0188,True
3525508,SP,0.1,3.2728,0.1,0.76,0.34,0.0244,-0.0011,5.63,Joanópolis,0,3,0.0005,False
3526001,SP,0.06,4.0261,0.01,0.39,0.13,0.0082,-0.0022,5.27,Junqueirópolis,0,5,0.0003,False
3525607,SP,0.02,6.2578,0.02,0.04,0.05,0.0139,0.0063,1.03,João Ramalho,0,5,0.0001,False
3525409,SP,0.03,5.7812,0.04,0.1,0.11,0.0159,-0.005,3.0,Jeriquara,0,5,0.0002,False
3525805,SP,0.02,7.6967,0.0,0.05,0.03,0.0089,0.0029,1.07,Júlio Mesquita,0,6,0.0001,False
3525706,SP,0.15,2.8016,0.23,3.19,1.29,0.0274,0.0025,23.76,José Bonifácio,0,5,0.0012,False
3525201,SP,0.36,1.6855,3.0,2.22,4.48,0.1775,0.0013,12.46,Jarinu,0,3,0.0017,False
3525003,SP,1.76,0.9149,6.48,12.45,17.56,0.2298,-0.0048,36.88,Jandira,0,3,0.0073,False
3524907,SP,0.02,6.8697,0.1,0.26,0.25,0.04,0.0084,3.19,Jambeiro,0,6,0.0002,False
3525300,SP,0.49,1.404,0.86,12.4,3.49,0.0243,-0.0002,70.47,Jaú,0,3,0.0038,False
3525102,SP,0.38,1.6048,1.35,4.77,3.22,0.055,-0.0005,29.04,Jardinópolis,0,3,0.0022,False
3524709,SP,0.27,1.7978,3.42,10.11,5.7,0.0969,-0.0035,30.98,Jaguariúna,0,3,0.002,False
3524501,SP,0.02,6.2578,0.04,0.22,0.09,0.0151,0.001,2.54,Jaci,0,5,0.0002,False
3524204,SP,0.02,7.6967,0.04,0.16,0.08,0.0144,0.0051,2.32,Jaborandi,0,6,0.0001,False
3524600,SP,0.12,2.7573,0.18,0.5,0.57,0.0351,-0.0006,7.26,Jacupiranga,0,3,0.0006,False
3524303,SP,0.55,1.2749,1.32,8.97,6.16,0.049,0.0001,64.63,Jaboticabal,0,3,0.004,False
3523800,SP,0.06,3.881,0.03,0.15,0.12,0.016,-0.002,2.23,Itobi,0,5,0.0003,False
3524105,SP,0.35,1.8351,0.4,3.4,1.58,0.0232,-0.0028,30.18,Ituverava,0,3,0.0021,False
3524006,SP,0.44,1.4415,3.68,4.39,6.09,0.1229,-0.0029,25.11,Itupeva,0,3,0.0024,False
3523909,SP,1.53,0.879,9.0,31.5,15.72,0.076,-0.0037,103.65,Itu,0,3,0.0086,False
3523701,SP,0.03,5.3963,0.12,0.3,0.25,0.0317,-0.0033,3.88,Itirapuã,0,5,0.0002,False
3523305,SP,0.28,2.0485,0.34,0.36,0.93,0.0514,-0.0042,7.17,Itariri,0,3,0.0011,False
3523503,SP,0.12,3.0982,0.05,0.38,0.29,0.0187,0.0023,5.07,Itatinga,0,5,0.0005,False
3523206,SP,0.2,2.1551,0.25,1.85,1.11,0.0207,-0.0032,25.14,Itararé,0,3,0.0014,False
3523404,SP,0.7,1.2047,7.69,13.95,13.79,0.1266,-0.0051,56.49,Itatiba,0,3,0.0045,False
3522653,SP,0.02,6.8697,0.0,0.03,0.03,0.0144,-0.002,0.51,Itapirapuã Paulista,0,5,0.0001,False
3522505,SP,3.7,0.7676,12.25,20.12,33.81,0.2605,-0.0049,61.84,Itapevi,0,3,0.0146,True
3522703,SP,0.24,2.1352,0.35,2.93,1.06,0.0193,-0.0005,24.33,Itápolis,0,3,0.0015,False
3522307,SP,0.79,1.1267,1.51,10.48,5.97,0.0321,-0.0032,91.65,Itapetininga,0,3,0.0055,False
3523107,SP,6.13,0.7722,54.22,36.05,112.6,0.6177,-0.0068,94.87,Itaquaquecetuba,0,3,0.0264,True
3522901,SP,0.05,4.1874,0.05,0.45,0.28,0.0222,-0.0027,5.67,Itapuí,0,5,0.0004,False
3522802,SP,0.1,2.9387,0.04,0.39,0.23,0.034,0.0033,2.15,Itaporanga,0,5,0.0004,False
3522208,SP,2.76,0.819,22.22,17.14,46.31,0.4791,-0.0056,49.51,Itapecerica da Serra,0,3,0.0119,True
3522604,SP,0.42,1.6718,4.25,9.8,6.89,0.0859,-0.0053,41.72,Itapira,0,3,0.0029,False
3522406,SP,0.35,1.7784,0.39,4.19,2.08,0.0191,-0.0038,51.75,Itapeva,0,3,0.0028,False
3522000,SP,0.02,7.6967,0.02,0.06,0.06,0.022,0.01,1.2,Itaju,0,6,0.0001,False
3521705,SP,0.09,3.7328,0.08,0.56,0.26,0.0135,-0.0074,7.08,Itaberá,0,3,0.0005,False
3522158,SP,0.02,6.8697,0.0,0.02,0.02,0.0,0.0031,0.65,Itaóca,0,5,0.0001,False
3521408,SP,0.08,3.4176,0.87,2.54,1.39,0.0806,-0.0054,9.08,Iracemápolis,0,3,0.0006,False
3522109,SP,1.59,0.8524,7.41,14.78,23.95,0.109,-0.0022,113.15,Itanhaém,0,3,0.0094,True
3521309,SP,0.11,2.9297,0.1,0.58,0.4,0.0387,-0.0028,4.19,Ipuã,0,3,0.0005,False
3521903,SP,0.05,4.7356,0.03,0.53,0.15,0.0188,0.006,3.16,Itajobi,0,5,0.0003,False
3521804,SP,0.24,2.0381,0.12,0.72,0.69,0.0356,0.0003,7.06,Itaí,0,3,0.001,False
3521606,SP,0.02,9.4531,0.0,0.03,0.06,0.0126,-0.0068,1.9,Irapuru,0,6,0.0001,False
3521200,SP,0.02,6.8697,0.0,0.06,0.05,0.0071,0.0005,2.03,Iporanga,0,5,0.0001,False
3521150,SP,0.04,5.0767,0.03,0.21,0.09,0.0123,-0.0024,2.33,Ipiguá,0,5,0.0002,False
3521507,SP,0.02,6.2578,0.02,0.15,0.09,0.0196,-0.0073,1.94,Irapuã,0,5,0.0001,False
3521002,SP,0.39,1.577,0.61,1.16,1.53,0.0623,-0.0005,10.19,Iperó,0,3,0.0016,False
3520608,SP,0.02,6.8697,0.02,0.07,0.05,0.0118,-0.0042,1.64,Indiana,0,5,0.0001,False
3520509,SP,1.14,1.1489,8.93,31.02,17.42,0.0896,-0.0065,100.4,Indaiatuba,0,3,0.0074,False
3521101,SP,0.08,3.8289,0.47,0.6,0.85,0.0926,-0.0009,4.63,Ipeúna,0,5,0.0004,False
3520905,SP,0.05,4.3679,0.04,0.39,0.15,0.0105,-0.0004,5.71,Ipaussu,0,5,0.0003,False
3520806,SP,0.0,15.4882,0.0,0.02,0.0,0.0,-0.0051,0.61,Inúbia Paulista,0,4,0.0,False
3520301,SP,0.33,1.6618,0.12,0.74,1.1,0.0161,-0.0024,27.39,Iguape,0,3,0.0019,False
3520707,SP,0.02,7.6967,0.0,0.09,0.02,0.0043,0.0045,1.11,Indiaporã,0,6,0.0001,False
3520202,SP,0.11,2.8749,0.52,0.46,0.98,0.0727,0.0006,6.7,Igaratá,0,5,0.0006,False
3520400,SP,0.27,1.9243,0.03,1.26,0.77,0.0093,-0.0028,30.99,Ilhabela,0,3,0.0018,False
3520426,SP,0.15,2.7305,0.06,0.78,1.04,0.0178,-0.0078,28.77,Ilha Comprida,0,3,0.0014,False
3520442,SP,0.1,3.0062,0.09,1.15,0.41,0.008,-0.0057,22.23,Ilha Solteira,0,3,0.001,False
3519907,SP,0.03,5.7812,0.04,0.12,0.08,0.0132,0.0002,2.36,Iepê,0,5,0.0002,False
3520103,SP,0.25,1.8836,0.35,1.46,1.19,0.0293,-0.0033,18.23,Igarapava,0,3,0.0014,False
3520004,SP,0.17,2.4952,0.22,1.24,0.75,0.0282,-0.0024,11.82,Igaraçu do Tietê,0,3,0.0009,False
3519709,SP,1.37,0.9463,7.64,8.77,11.77,0.1502,-0.0055,37.12,Ibiúna,0,3,0.0058,False
3519501,SP,0.06,3.881,0.02,0.15,0.19,0.0407,-0.0018,1.81,Ibirarema,0,5,0.0003,False
3519402,SP,0.06,4.1478,0.06,0.37,0.26,0.0222,-0.003,5.13,Ibirá,0,5,0.0004,False
3519253,SP,0.1,3.1903,0.04,0.09,0.19,0.043,0.0005,1.16,Iaras,0,5,0.0004,False
3519303,SP,0.35,1.7173,0.33,1.4,1.38,0.0611,-0.0005,9.39,Ibaté,0,3,0.0014,False
3519808,SP,0.06,4.3208,0.1,0.28,0.19,0.0238,-0.0028,3.09,Icém,0,5,0.0003,False
3519600,SP,0.25,2.0908,0.49,4.53,1.85,0.0201,0.0038,45.2,Ibitinga,0,3,0.0023,False
3519006,SP,0.04,4.8057,0.01,0.15,0.06,0.0044,0.0022,2.74,Herculândia,0,5,0.0002,False
3519204,SP,0.05,4.7356,0.04,0.08,0.12,0.018,0.0035,2.12,Iacri,0,5,0.0002,False
3519105,SP,0.02,6.8697,0.04,0.26,0.12,0.0128,0.004,4.68,Iacanga,0,5,0.0002,False
3519071,SP,3.42,0.7979,39.47,33.73,61.0,0.3926,-0.0057,74.65,Hortolândia,0,3,0.0153,True
3519055,SP,0.04,4.8057,0.36,0.88,0.5,0.0521,-0.0019,4.96,Holambra,0,5,0.0003,False
3518701,SP,3.75,1.0253,14.72,26.35,69.27,0.2217,-0.0077,164.1,Guarujá,0,3,0.0195,True
3518859,SP,0.03,5.7812,0.05,0.19,0.2,0.0227,0.0041,4.31,Guatapará,0,5,0.0002,False
3518909,SP,0.03,5.3963,0.01,0.03,0.1,0.0305,0.0045,1.17,Guzolândia,0,5,0.0001,False
3518800,SP,18.49,0.691,204.88,231.2,351.13,0.323,-0.0071,530.46,Guarulhos,0,3,0.0878,True
3518602,SP,0.5,1.6261,0.95,2.03,3.0,0.0818,-0.0002,17.04,Guariba,0,3,0.0022,False
3518206,SP,0.32,1.8936,0.13,1.25,0.95,0.0153,0.0005,23.46,Guararapes,0,3,0.0017,False
3518404,SP,1.59,0.876,2.86,8.84,10.29,0.0758,0.002,63.9,Guaratinguetá,0,3,0.0073,False
3518305,SP,0.22,2.1485,1.58,1.42,2.42,0.087,-0.0039,13.97,Guararema,0,3,0.0012,False
3518503,SP,0.07,3.6293,0.06,0.54,0.29,0.0264,0.0005,4.75,Guareí,0,5,0.0004,False
3518107,SP,0.02,6.8697,0.04,0.13,0.23,0.0375,-0.0017,3.16,Guarantã,0,5,0.0002,False
3517802,SP,0.05,4.1874,0.01,0.11,0.08,0.0046,-0.0102,3.11,Guaraçaí,0,5,0.0003,False
3518008,SP,0.0,15.4882,0.0,0.02,0.01,0.0068,-0.0195,0.71,Guarani d'Oeste,0,4,0.0,False
3517505,SP,0.07,3.7494,0.09,0.63,0.35,0.025,0.0027,6.55,Guapiaçu,0,5,0.0004,False
3517901,SP,0.04,5.6323,0.09,0.35,0.2,0.0232,-0.0007,3.9,Guaraci,0,5,0.0002,False
3517604,SP,0.09,3.4007,0.04,0.4,0.25,0.0178,-0.0042,5.34,Guapiara,0,3,0.0004,False
3517703,SP,0.16,2.4506,0.17,0.54,0.83,0.0204,-0.0039,18.92,Guará,0,3,0.0011,False
3517208,SP,0.07,3.7494,0.17,0.58,0.49,0.0301,-0.0032,8.03,Guaiçara,0,5,0.0005,False
3517406,SP,0.27,2.1276,0.65,3.39,1.65,0.0192,-0.0037,41.04,Guaíra,0,3,0.0022,False
3517109,SP,0.04,4.8057,0.05,0.12,0.12,0.0204,-0.0024,2.11,Glicério,0,5,0.0002,False
3517307,SP,0.03,5.3963,0.03,0.09,0.1,0.0161,0.0043,2.38,Guaimbê,0,5,0.0002,False
3517000,SP,0.05,4.5151,0.03,0.22,0.15,0.0122,0.0043,4.28,Getulina,0,5,0.0003,False
3516853,SP,0.03,5.7812,0.06,0.16,0.15,0.0619,0.0005,1.09,Gavião Peixoto,0,5,0.0001,False
3516903,SP,0.05,4.5721,0.04,0.26,0.14,0.0149,-0.0013,3.53,General Salgado,0,5,0.0003,False
3516705,SP,0.19,2.1972,0.11,1.77,1.11,0.0198,-0.0027,26.57,Garça,0,3,0.0015,False
3516507,SP,0.0,15.4882,0.01,0.05,0.05,0.0594,-0.0003,0.49,Gabriel Monteiro,0,4,0.0,False
3516804,SP,0.02,6.2578,0.0,0.06,0.03,0.0032,-0.0025,1.5,Gastão Vidigal,0,5,0.0001,False
3516606,SP,0.06,3.881,0.03,0.1,0.26,0.0311,-0.0078,3.58,Gália,0,3,0.0003,False
3515905,SP,0.0,15.4882,0.02,0.06,0.04,0.0138,-0.0226,1.39,Floreal,0,4,0.0001,False
3516309,SP,2.25,0.9402,4.08,8.74,23.6,0.2478,-0.0062,48.42,Francisco Morato,0,3,0.0094,True
3516408,SP,1.86,0.9489,7.56,11.51,20.18,0.2337,-0.0063,42.59,Franco da Rocha,0,3,0.0079,False
3515657,SP,0.0,0.0,0.0,0.0,0.01,0.0144,0.0,0.5,Fernão,0,3,0.0,False
3516200,SP,1.45,0.9781,3.53,50.4,13.47,0.0236,0.0001,290.75,Franca,0,3,0.0141,True
3516002,SP,0.03,5.3963,0.01,0.05,0.08,0.0146,-0.0061,1.81,Flórida Paulista,0,5,0.0002,False
3516101,SP,0.02,6.2578,0.02,0.05,0.07,0.0198,0.0098,1.33,Florínia,0,6,0.0001,False
3515806,SP,0.01,10.9302,0.0,0.01,0.02,0.0141,-0.0161,0.34,Flora Rica,0,6,0.0,False
3515509,SP,0.22,2.2609,0.24,5.15,0.97,0.0115,-0.0051,37.2,Fernando Prestes,0,3,0.0019,False
3515400,SP,0.07,3.6293,0.07,0.62,0.27,0.0188,0.0049,6.07,Fartura,0,5,0.0004,False
3515707,SP,2.52,0.8573,31.43,23.74,61.07,0.5869,-0.0059,55.41,Ferraz de Vasconcelos,0,3,0.012,True
3515350,SP,0.07,3.7494,0.05,0.27,0.16,0.0139,-0.0013,3.95,Euclides da Cunha Paulista,0,5,0.0003,False
3515608,SP,0.02,6.8697,0.02,0.16,0.1,0.0256,0.0008,1.86,Fernandópolis,0,5,0.0001,False
3515186,SP,0.17,2.2717,0.5,2.35,1.18,0.0354,-0.0034,16.05,Espírito Santo do Pinhal,0,3,0.0011,False
3515194,SP,0.04,4.8057,0.04,0.08,0.15,0.0419,0.0036,1.42,Espírito Santo do Turvo,0,5,0.0002,False
3557303,SP,0.04,4.8057,0.19,0.49,0.45,0.0379,-0.0065,6.18,Urupês,0,5,0.0003,False
3515301,SP,0.02,7.6967,0.03,0.02,0.07,0.0458,-0.0054,0.64,Estrela do Norte,0,6,0.0001,False
3515202,SP,0.03,5.3963,0.02,0.26,0.08,0.0088,-0.0015,2.99,Estrela d'Oeste,0,5,0.0002,False
3515004,SP,4.18,0.879,29.42,24.48,62.18,0.5504,-0.0072,58.37,Embu das Artes,0,3,0.0172,True
3515103,SP,1.47,0.9538,7.3,6.46,12.78,0.2683,-0.0054,21.94,Embu-Guaçu,0,3,0.0057,False
3514809,SP,0.15,2.7305,0.04,0.34,0.25,0.012,-0.0059,4.77,Eldorado,0,3,0.0006,False
3515129,SP,0.01,10.9302,0.0,0.02,0.01,0.0,-0.006,0.7,Emilianópolis,0,6,0.0,False
3515152,SP,0.16,2.5178,0.99,0.86,1.49,0.0998,0.0023,7.36,Engenheiro Coelho,0,5,0.0008,False
3514601,SP,0.02,7.4994,0.14,0.25,0.36,0.0769,0.0053,2.47,Dumont,0,6,0.0001,False
3514957,SP,0.0,15.4882,0.0,0.02,0.02,0.0108,-0.0064,0.89,Embaúba,0,4,0.0,False
3514502,SP,0.05,4.1874,0.05,0.52,0.17,0.0174,-0.0054,3.69,Duartina,0,3,0.0003,False
3514403,SP,0.15,2.5823,0.1,1.52,0.46,0.0061,0.0,29.25,Dracena,0,3,0.0014,False
3514924,SP,0.01,10.9302,0.02,0.09,0.06,0.0393,0.0072,0.8,Elisiário,0,6,0.0001,False
3514908,SP,0.12,3.0737,1.16,1.09,1.58,0.1487,-0.0002,5.36,Elias Fausto,0,5,0.0006,False
3514700,SP,0.03,5.7812,0.02,0.07,0.08,0.0181,-0.0017,1.46,Echaporã,0,5,0.0001,False
3514007,SP,0.11,3.1473,0.05,0.16,0.29,0.0947,-0.0039,1.09,Dobrada,0,3,0.0004,False
3513900,SP,0.02,6.8697,0.06,0.33,0.13,0.0215,-0.0011,2.99,Divinolândia,0,5,0.0002,False
3514205,SP,0.0,0.0,0.0,0.02,0.0,0.004,0.0,0.6,Dolcinópolis,0,3,0.0,False
3513603,SP,0.28,1.9701,0.33,0.75,1.09,0.0593,0.0029,7.66,Cunha,0,3,0.0011,False
3513504,SP,1.9,1.0524,15.72,13.41,28.93,0.224,-0.0078,65.19,Cubatão,0,3,0.0091,True
3514106,SP,0.25,1.9188,0.19,0.93,0.71,0.0171,0.0003,15.28,Dois Córregos,0,3,0.0013,False
3514304,SP,0.04,5.6323,0.07,0.26,0.16,0.0285,0.0012,2.43,Dourado,0,5,0.0002,False
3513405,SP,1.0,1.1715,0.62,5.92,4.54,0.0435,0.0053,45.79,Cruzeiro,0,3,0.0047,False
3513850,SP,0.0,15.4882,0.0,0.02,0.0,0.0,-0.0007,0.32,Dirce Reis,0,4,0.0,False
3513207,SP,0.06,3.881,0.13,0.45,0.26,0.0215,-0.0031,5.2,Cristais Paulista,0,5,0.0004,False
3513306,SP,0.0,0.0,0.01,0.03,0.01,0.0134,0.0,0.54,Cruzália,0,3,0.0,False
3512902,SP,0.04,4.8057,0.03,0.28,0.12,0.0117,0.005,3.87,Cosmorama,0,5,0.0003,False
3513801,SP,5.69,0.8309,165.57,86.46,281.62,0.8025,-0.0073,204.79,Diadema,0,3,0.0357,True
3513702,SP,0.13,2.8766,0.39,2.56,1.09,0.0385,-0.0003,14.08,Descalvado,0,3,0.0009,False
3512803,SP,0.8,1.2484,5.54,10.15,9.57,0.1221,-0.0028,39.22,Cosmópolis,0,3,0.0041,False
3512506,SP,0.07,3.7494,0.08,0.22,0.18,0.0219,0.0009,2.93,Coroados,0,5,0.0003,False
3513009,SP,2.81,0.7909,31.56,23.6,58.85,0.3832,-0.0058,76.45,Cotia,0,3,0.0134,True
3512704,SP,0.04,5.6323,0.29,0.35,0.46,0.1011,0.0101,2.34,Corumbataí,0,6,0.0002,False
3513108,SP,0.16,2.4506,0.62,3.01,1.45,0.0412,0.0002,17.68,Cravinhos,0,3,0.0011,False
3512100,SP,0.1,3.361,0.2,0.34,0.45,0.0608,-0.0052,3.33,Colômbia,0,3,0.0004,False
3512605,SP,0.04,5.0767,0.03,0.1,0.07,0.02,-0.0042,0.96,Coronel Macedo,0,5,0.0001,False
3512308,SP,0.09,3.1544,0.15,0.76,0.39,0.024,-0.0052,7.01,Conchas,0,3,0.0005,False
3511904,SP,0.05,4.9888,0.03,0.18,0.11,0.0219,-0.0027,1.74,Clementina,0,5,0.0002,False
3512407,SP,0.09,3.236,1.02,2.74,1.8,0.0752,-0.001,12.69,Cordeirópolis,0,5,0.0007,False
3511706,SP,0.09,3.3085,0.79,0.86,1.28,0.0868,0.0025,7.63,Charqueada,0,5,0.0006,False
3512001,SP,0.13,2.6453,0.22,1.05,0.68,0.023,-0.0018,13.65,Colina,0,3,0.0009,False
3512209,SP,0.23,1.9636,2.4,2.06,4.06,0.1305,-0.0043,16.08,Conchal,0,3,0.0014,False
3511607,SP,0.06,4.3208,0.3,0.75,0.64,0.063,0.0034,5.19,Cesário Lange,0,5,0.0004,False
3511201,SP,0.02,6.8697,0.03,0.22,0.09,0.0171,0.0004,2.23,Catiguá,0,5,0.0001,False
3557204,SP,0.08,3.3235,0.05,0.24,0.25,0.0141,-0.0046,6.74,Uru,0,3,0.0005,False
3511409,SP,0.04,5.0767,0.09,0.57,0.28,0.0232,-0.0007,6.04,Cerqueira César,0,5,0.0003,False
3511508,SP,0.16,2.7094,1.09,4.81,2.7,0.0752,-0.0051,18.9,Cerquilho,0,3,0.0012,False
3510807,SP,0.17,2.5548,0.7,1.44,1.24,0.0372,-0.0033,16.29,Casa Branca,0,3,0.0011,False
3511300,SP,0.03,5.3963,0.06,0.3,0.18,0.0253,0.0032,3.19,Cedral,0,5,0.0002,False
3510906,SP,0.01,8.9061,0.04,0.06,0.08,0.0266,0.0048,1.35,Cássia dos Coqueiros,0,6,0.0001,False
3511102,SP,0.66,1.3685,0.79,12.61,3.38,0.019,-0.0026,81.83,Catanduva,0,3,0.0047,False
3511003,SP,0.22,2.168,0.07,0.52,0.48,0.012,-0.0033,12.32,Castilho,0,3,0.0011,False
3510401,SP,0.27,1.8621,1.8,5.52,3.01,0.0723,-0.0049,21.12,Capivari,0,3,0.0016,False
3510708,SP,0.1,2.9387,0.05,0.4,0.26,0.0112,-0.0012,8.06,Cardoso,0,3,0.0006,False
3510609,SP,5.38,0.7966,41.27,58.61,105.02,0.4456,-0.0067,125.55,Carapicuíba,0,3,0.0248,True
3510153,SP,0.04,5.0767,0.05,0.12,0.16,0.0444,0.0068,1.61,Canitar,0,5,0.0002,False
3510500,SP,2.81,0.7111,2.24,11.67,14.75,0.0698,-0.0032,95.32,Caraguatatuba,0,3,0.0122,True
3510005,SP,0.14,2.5964,0.17,1.6,0.65,0.0217,-0.0049,13.59,Cândido Mota,0,3,0.0009,False
3510203,SP,0.4,1.6127,0.35,2.43,1.9,0.027,0.0004,31.7,Capão Bonito,0,3,0.0023,False
3510302,SP,0.09,3.1544,0.35,1.05,0.66,0.0427,-0.001,7.5,Capela do Alto,0,3,0.0005,False
3510104,SP,0.0,15.4882,0.01,0.09,0.03,0.0186,-0.0155,0.9,Cândido Rodrigues,0,4,0.0,False
3509809,SP,0.02,6.2578,0.01,0.08,0.06,0.0137,0.0019,1.4,Campos Novos Paulista,0,5,0.0001,False
3509700,SP,0.48,1.4407,0.31,3.3,1.83,0.0222,-0.004,34.71,Campos do Jordão,0,3,0.0026,False
3509908,SP,0.1,3.361,0.02,0.18,0.23,0.0082,-0.0045,9.32,Cananéia,0,3,0.0006,False
3509601,SP,0.7,1.3173,7.66,11.21,13.76,0.1995,-0.0044,35.37,Campo Limpo Paulista,0,3,0.0038,False
3509957,SP,0.06,4.1478,0.19,0.15,0.47,0.1063,0.0051,2.17,Canas,0,5,0.0003,False
3509502,SP,15.42,0.6632,330.6,357.92,473.12,0.2678,-0.0046,887.18,Campinas,0,3,0.0949,True
3509304,SP,0.02,6.2578,0.02,0.16,0.08,0.0081,0.0039,3.55,Cajobi,0,5,0.0002,False
3509452,SP,0.02,7.6967,0.02,0.09,0.1,0.0188,0.0097,2.41,Campina do Monte Alegre,0,6,0.0001,False
3509254,SP,0.26,1.8397,0.39,1.1,1.8,0.0621,-0.002,13.86,Cajati,0,3,0.0013,False
3509106,SP,0.07,3.7494,0.0,0.04,0.08,0.0046,-0.0003,1.54,Caiuá,0,5,0.0003,False
3509403,SP,0.12,2.8461,0.34,0.9,0.88,0.0274,-0.0038,15.77,Cajuru,0,3,0.0009,False
3509205,SP,0.77,1.1719,3.31,4.34,7.68,0.1505,-0.0008,25.04,Cajamar,0,3,0.0034,False
3509007,SP,0.61,1.4128,5.73,8.66,9.38,0.1743,-0.007,27.12,Caieiras,0,3,0.0031,False
3508801,SP,0.09,3.1544,0.1,0.5,0.41,0.0216,-0.0007,8.49,Cafelândia,0,3,0.0006,False
3508702,SP,0.07,3.8523,0.13,0.72,0.36,0.04,-0.0068,4.08,Caconde,0,3,0.0004,False
3508900,SP,0.0,0.0,0.01,0.03,0.02,0.0155,0.0,0.77,Caiabu,0,3,0.0,False
3508504,SP,1.14,1.0945,9.89,17.99,16.98,0.1629,0.0,52.41,Caçapava,0,3,0.0058,False
3508405,SP,0.46,1.6674,1.31,2.09,2.67,0.0828,-0.0035,14.73,Cabreúva,0,3,0.002,False
3508603,SP,0.22,2.1866,0.62,1.56,1.59,0.0507,0.0035,15.12,Cachoeira Paulista,0,3,0.0012,False
3508306,SP,0.03,6.054,0.02,0.09,0.09,0.0132,0.0046,2.35,Cabrália Paulista,0,5,0.0002,False
3508009,SP,0.12,3.0043,0.11,0.58,0.57,0.022,0.0014,11.75,Buri,0,5,0.0008,False
3508108,SP,0.13,2.6966,0.1,0.68,0.5,0.0149,-0.0009,14.04,Buritama,0,3,0.0009,False
3507902,SP,0.11,2.8749,0.31,1.27,0.7,0.0288,-0.001,11.69,Brotas,0,3,0.0007,False
3508207,SP,0.03,5.3963,0.04,0.15,0.1,0.0153,0.0062,2.5,Buritizal,0,5,0.0002,False
3507704,SP,0.02,6.2578,0.02,0.11,0.09,0.0305,-0.0038,1.19,Braúna,0,5,0.0001,False
3507803,SP,0.12,2.9387,0.35,1.7,0.98,0.0368,-0.0034,13.23,Brodowski,0,3,0.0008,False
3507753,SP,0.04,5.0767,0.04,0.08,0.1,0.0215,0.0014,1.67,Brejo Alegre,0,5,0.0002,False
3507506,SP,0.6,1.434,0.8,9.24,2.28,0.012,-0.0045,79.75,Botucatu,0,3,0.0044,False
3507605,SP,0.73,1.112,4.68,20.23,9.79,0.0456,-0.0021,112.17,Bragança Paulista,0,3,0.0062,False
3507456,SP,0.0,0.0,0.01,0.06,0.02,0.0118,0.0,1.02,Borebi,0,3,0.0,False
3507407,SP,0.07,3.8523,0.17,0.66,0.38,0.0297,-0.0034,5.83,Borborema,0,5,0.0004,False
3507159,SP,0.02,7.6967,0.01,0.06,0.03,0.0119,0.0103,0.8,Bom Sucesso de Itararé,0,6,0.0001,False
3507308,SP,0.02,6.8697,0.01,0.16,0.07,0.0143,0.0025,1.84,Boracéia,0,5,0.0001,False
3507209,SP,0.0,15.4882,0.0,0.01,0.0,0.0,-0.0041,0.18,Borá,0,4,0.0,False
3507001,SP,0.28,1.9427,1.92,6.42,4.34,0.0855,-0.0001,26.35,Boituva,0,3,0.0019,False
3507100,SP,0.13,2.9,0.54,2.0,1.2,0.0574,-0.0053,10.39,Bom Jesus dos Perdões,0,3,0.0008,False
3506904,SP,0.07,3.6293,0.11,0.22,0.21,0.0236,-0.003,3.41,Bofete,0,5,0.0003,False
3506706,SP,0.05,4.5151,0.1,0.28,0.32,0.0293,-0.0049,5.18,Boa Esperança do Sul,0,5,0.0003,False
3506805,SP,0.03,5.7812,0.08,0.28,0.27,0.0332,-0.0007,4.07,Bocaina,0,5,0.0002,False
3506607,SP,0.12,3.2779,0.32,1.38,0.95,0.0417,0.0008,11.18,Biritiba-Mirim,0,5,0.0008,False
3506508,SP,1.06,1.0892,2.61,12.52,7.16,0.0432,-0.0046,79.45,Birigui,0,3,0.006,False
3506359,SP,0.65,1.1712,2.46,4.85,9.26,0.0871,-0.0012,55.02,Bertioga,0,3,0.0041,False
3506409,SP,0.03,5.7812,0.06,0.28,0.16,0.0275,0.0024,2.69,Bilac,0,5,0.0002,False
3506300,SP,0.05,4.5721,0.03,0.18,0.13,0.0109,-0.0068,4.58,Bernardino de Campos,0,5,0.0003,False
3506102,SP,0.34,1.5838,0.89,7.9,3.12,0.0267,0.0015,59.16,Bebedouro,0,3,0.003,False
3505708,SP,2.64,0.9918,17.92,44.88,37.87,0.1609,-0.0056,118.12,Barueri,0,3,0.0133,True
3506201,SP,0.0,15.4882,0.01,0.02,0.02,0.0122,0.0143,0.98,Bento de Abreu,0,4,0.0,False
3506003,SP,2.66,0.6968,4.21,48.89,21.24,0.0361,-0.0031,291.94,Bauru,0,3,0.0182,True
3505906,SP,0.27,1.9243,0.5,5.14,1.6,0.0167,-0.0037,45.87,Batatais,0,3,0.0023,False
3505807,SP,0.06,3.881,0.05,0.43,0.22,0.0102,0.0005,9.15,Bastos,0,5,0.0005,False
3505609,SP,0.28,2.0257,0.28,1.18,1.42,0.0492,-0.0037,12.98,Barrinha,0,3,0.0013,False
3505401,SP,0.26,1.8516,0.11,0.15,0.53,0.032,-0.0012,4.67,Barra do Turvo,0,3,0.001,False
3505500,SP,0.55,1.3677,1.29,15.12,4.55,0.0162,-0.0012,141.09,Barretos,0,3,0.0063,False
3505351,SP,0.0,15.4882,0.0,0.02,0.04,0.0608,0.0213,0.35,Barra do Chapéu,0,4,0.0,False
3505203,SP,0.1,3.1903,0.2,1.55,0.77,0.019,0.0026,20.06,Bariri,0,5,0.001,False
3505302,SP,0.1,3.7456,0.21,2.93,0.8,0.0237,-0.0042,17.04,Barra Bonita,0,3,0.0009,False
3505005,SP,0.02,6.8697,0.01,0.03,0.03,0.0158,-0.0166,0.47,Barão de Antonina,0,6,0.0001,False
3504909,SP,0.03,5.3963,0.01,0.08,0.05,0.0053,-0.0125,2.27,Bananal,0,5,0.0002,False
3505104,SP,0.05,4.9888,0.02,0.12,0.1,0.0086,-0.0092,3.88,Barbosa,0,5,0.0003,False
3504602,SP,0.07,3.9926,0.09,1.17,0.41,0.0301,0.0007,6.44,Bady Bassitt,0,5,0.0004,False
3504701,SP,0.02,6.2578,0.0,0.05,0.03,0.0124,0.0067,0.39,Balbinos,0,5,0.0001,False
3504800,SP,0.02,6.8697,0.03,0.36,0.1,0.0128,-0.002,3.55,Bálsamo,0,5,0.0002,False
3504305,SP,0.02,7.6967,0.04,0.11,0.09,0.0256,-0.0058,1.68,Avaí,0,6,0.0001,False
3504503,SP,0.62,1.6476,0.57,4.1,2.0,0.0153,-0.0074,51.71,Avaré,0,3,0.0036,False
3504404,SP,0.05,4.1874,0.07,0.36,0.25,0.0251,0.0014,4.55,Avanhandava,0,5,0.0003,False
3504206,SP,0.06,3.881,0.04,0.41,0.22,0.0173,-0.0022,5.09,Auriflama,0,5,0.0004,False
3504008,SP,0.64,1.2732,1.15,11.42,3.88,0.026,-0.0028,70.84,Assis,0,3,0.0043,False
3504107,SP,1.38,1.0037,9.51,23.47,17.07,0.0862,-0.0053,100.89,Atibaia,0,3,0.0081,False
3503950,SP,0.01,10.9302,0.01,0.02,0.02,0.0215,-0.0193,0.23,Aspásia,0,6,0.0,False
3503901,SP,0.87,1.1263,12.7,13.82,19.02,0.293,-0.0005,32.16,Arujá,0,3,0.0045,False
3503802,SP,0.3,1.9812,4.03,9.34,5.83,0.0921,-0.0041,33.18,Artur Nogueira,0,3,0.0022,False
3503703,SP,0.03,5.7812,0.04,0.33,0.11,0.0289,-0.0003,1.64,Ariranha,0,5,0.0001,False
3503356,SP,0.01,10.9302,0.0,0.02,0.01,0.0068,-0.014,0.35,Arco-Íris,0,6,0.0,False
3503604,SP,0.08,3.7245,0.04,0.17,0.21,0.0541,0.0017,1.42,Areiópolis,0,5,0.0003,False
3503406,SP,0.06,4.3208,0.06,0.37,0.18,0.015,0.0012,4.78,Arealva,0,5,0.0003,False
3503505,SP,0.01,8.9061,0.0,0.05,0.02,0.0098,-0.003,0.74,Areias,0,6,0.0001,False
3503000,SP,0.03,5.7812,0.12,0.17,0.28,0.0559,0.0037,2.48,Aramina,0,5,0.0002,False
3503208,SP,1.51,0.9077,2.38,25.65,11.91,0.0371,-0.0029,158.63,Araraquara,0,3,0.0101,True
3503158,SP,0.02,6.2578,0.0,0.02,0.05,0.0156,-0.0029,0.78,Arapeí,0,5,0.0001,False
3503307,SP,0.79,1.2461,5.45,27.85,10.4,0.0679,-0.0004,78.97,Araras,0,3,0.0053,False
3502705,SP,0.12,2.7504,0.02,0.63,0.29,0.0078,-0.0024,11.93,Apiaí,0,3,0.0008,False
3503109,SP,0.02,6.8697,0.01,0.12,0.05,0.0116,-0.0018,1.44,Arandu,0,5,0.0001,False
3502804,SP,2.26,0.8139,2.55,17.9,10.73,0.0291,-0.0015,165.13,Araçatuba,0,3,0.0125,True
3502754,SP,0.33,1.7902,1.7,1.3,2.45,0.1214,-0.0027,9.53,Araçariguama,0,3,0.0014,False
3502903,SP,0.22,2.1264,1.16,1.64,2.17,0.0684,-0.0033,15.98,Araçoiaba da Serra,0,3,0.0013,False
3502606,SP,0.02,6.8697,0.02,0.13,0.05,0.0108,-0.006,1.55,Aparecida d'Oeste,0,5,0.0001,False
3502507,SP,0.51,1.4052,0.98,2.88,3.51,0.0339,-0.0008,50.17,Aparecida,0,3,0.0033,False
3502309,SP,0.06,3.881,0.17,0.15,0.31,0.1073,0.0051,1.34,Anhembi,0,5,0.0002,False
3502200,SP,0.07,3.6293,0.22,0.78,0.63,0.0314,0.005,10.17,Angatuba,0,5,0.0006,False
3502408,SP,0.0,0.0,0.02,0.05,0.02,0.0106,0.0,1.13,Anhumas,0,3,0.0,False
3502101,SP,0.58,1.3865,0.2,2.48,1.77,0.0142,-0.0019,47.63,Andradina,0,3,0.0033,False
3502002,SP,0.03,5.3963,0.18,0.24,0.3,0.0529,-0.0058,2.82,Analândia,0,5,0.0002,False
3501905,SP,0.32,1.7082,1.5,6.98,3.01,0.0479,-0.0011,31.72,Amparo,0,3,0.0021,False
3501608,SP,0.92,1.1071,13.09,89.71,24.45,0.0761,-0.001,172.21,Americana,0,3,0.0093,True
3501509,SP,0.02,6.8697,0.0,0.02,0.04,0.0135,-0.0028,0.71,Alvinlândia,0,5,0.0001,False
3501707,SP,0.3,1.9061,0.2,1.62,1.3,0.0436,-0.0019,12.91,Américo Brasiliense,0,3,0.0014,False
3501400,SP,0.04,5.0767,0.0,0.03,0.09,0.0196,-0.0079,1.47,Álvaro de Carvalho,0,5,0.0002,False
3501806,SP,0.02,6.2578,0.0,0.18,0.07,0.011,-0.0008,2.4,Américo de Campos,0,5,0.0002,False
