ano,mes,homicidio_doloso,latrocinio,lesao_corporal_morte,crimes_violentos_letais_intencionais,homicidio_intervencao_policial,letalidade_violenta,homicidio_culposo,roubo_transeunte,roubo_celular,roubo_corporal_coletivo,roubo_rua,roubo_veiculo,roubo_carga,roubo_comercio,roubo_residencia,roubo_banco,roubo_caixa_eletronico,roubo_conducao_saque,roubo_apos_saque,roubo_bicicleta,outros_roubo,total_roubos,furto_veiculos,furto_transeunte,furto_coletivo,furto_celular,furto_bicicleta,outros_furtos,total_furtos,policial_militar_morto_servico,policial_civil_morto_servico,registro_ocorrencia,tipo_fase,data_referencia,UF
1991,6,647,14,,,,661,,831,,342,1173,1354,82,518,178,37,,,,,81,3423,1992,673,,,,3519,6184,0,,,"Consolidado com errata","01/06/1991","RJ"
1991,12,638,16,,,,654,,1022,,358,1380,1563,157,563,242,24,,,,,131,4060,1930,1028,,,,3563,6521,0,,,"Consolidado com errata","01/12/1991","RJ"
1991,8,557,11,,,,568,,813,,299,1112,1347,71,498,189,29,,,,,88,3334,1835,794,,,,3641,6270,0,,,"Consolidado com errata","01/08/1991","RJ"
1991,3,713,25,,,,738,,963,,422,1385,1265,71,443,191,43,,,,,131,3529,2084,1062,,,,3573,6719,0,,,"Consolidado com errata","01/03/1991","RJ"
1991,7,558,14,,,,572,,797,,308,1105,1365,82,496,186,25,,,,,94,3353,1978,700,,,,3604,6282,0,,,"Consolidado com errata","01/07/1991","RJ"
1991,4,634,20,,,,654,,1186,,354,1540,1415,81,425,199,36,,,,,112,3808,2085,1195,,,,3290,6570,0,,,"Consolidado com errata","01/04/1991","RJ"
1991,5,650,20,,,,670,,931,,335,1266,1449,82,553,231,27,,,,,147,3755,2185,723,,,,3546,6454,0,,,"Consolidado com errata","01/05/1991","RJ"
1991,11,577,13,,,,590,,978,,409,1387,1600,94,569,239,26,,,,,97,4012,2039,884,,,,3601,6524,0,,,"Consolidado com errata","01/11/1991","RJ"
1991,2,732,17,,,,749,,963,,432,1395,1097,64,357,171,35,,,,,142,3261,1850,1066,,,,3309,6225,0,,,"Consolidado com errata","01/02/1991","RJ"
1991,9,542,19,,,,561,,805,,281,1086,1353,91,473,199,12,,,,,90,3304,1993,810,,,,3460,6263,0,,,"Consolidado com errata","01/09/1991","RJ"
1991,1,657,15,,,,672,,967,,381,1348,1174,63,350,188,37,,,,,158,3318,2009,1147,,,,3561,6717,0,,,"Consolidado com errata","01/01/1991","RJ"
1991,10,613,21,,,,634,,834,,328,1162,1470,83,561,228,16,,,,,107,3627,1999,862,,,,3621,6482,0,,,"Consolidado com errata","01/10/1991","RJ"
1992,2,691,27,,,,718,,967,,426,1393,1877,200,613,300,28,,,,,139,4550,2236,937,,,,3713,6886,0,,,"Consolidado com errata","01/02/1992","RJ"
1992,10,638,24,,,,662,,827,,406,1233,2322,135,361,258,25,,,,,121,4455,2452,875,,,,3593,6920,0,,,"Consolidado com errata","01/10/1992","RJ"
1992,11,658,19,,,,677,,807,,377,1184,2050,122,365,247,26,,,,,107,4101,2355,764,,,,3586,6705,0,,,"Consolidado com errata","01/11/1992","RJ"
1992,5,639,28,,,,667,,940,,439,1379,2194,143,523,276,16,,,,,126,4657,2422,849,,,,3789,7060,0,,,"Consolidado com errata","01/05/1992","RJ"
1992,4,648,29,,,,677,,1050,,438,1488,2090,182,544,268,13,,,,,119,4704,2199,875,,,,3841,6915,0,,,"Consolidado com errata","01/04/1992","RJ"
1992,1,617,19,,,,636,,962,,373,1335,1801,172,579,271,12,,,,,126,4296,2357,969,,,,3987,7313,0,,,"Consolidado com errata","01/01/1992","RJ"
1992,3,767,12,,,,779,,1069,,426,1495,1825,172,559,250,27,,,,,82,4410,2241,939,,,,3983,7163,0,,,"Consolidado com errata","01/03/1992","RJ"
1992,12,677,22,,,,699,,823,,357,1180,1832,186,351,255,23,,,,,91,3918,1999,931,,,,3694,6624,0,,,"Consolidado com errata","01/12/1992","RJ"
1992,7,541,36,,,,577,,810,,384,1194,2167,151,412,214,19,,,,,107,4264,2415,787,,,,3672,6874,0,,,"Consolidado com errata","01/07/1992","RJ"
1992,6,583,26,,,,609,,901,,417,1318,2220,171,444,237,10,,,,,93,4493,2340,819,,,,3594,6753,0,,,"Consolidado com errata","01/06/1992","RJ"
1992,9,560,19,,,,579,,808,,370,1178,2165,168,340,255,13,,,,,112,4231,2315,839,,,,3487,6641,0,,,"Consolidado com errata","01/09/1992","RJ"
1992,8,616,27,,,,643,,850,,397,1247,1959,134,375,249,15,,,,,114,4093,2288,818,,,,3686,6792,0,,,"Consolidado com errata","01/08/1992","RJ"
1993,10,634,29,,,,663,,903,,412,1315,2228,142,282,249,28,,,,,119,4363,2393,601,,,,3518,6512,0,,,"Consolidado com errata","01/10/1993","RJ"
1993,6,624,24,,,,648,,749,,391,1140,1988,114,310,214,17,,,,,127,3910,2199,569,,,,3389,6157,0,,,"Consolidado com errata","01/06/1993","RJ"
1993,8,617,22,,,,639,,899,,351,1250,2097,143,247,205,15,,,,,124,4081,2273,660,,,,3475,6408,0,,,"Consolidado com errata","01/08/1993","RJ"
1993,2,651,17,,,,668,,752,,348,1100,1897,135,279,220,20,,,,,111,3762,2127,671,,,,3461,6259,0,,,"Consolidado com errata","01/02/1993","RJ"
1993,7,657,20,,,,677,,818,,355,1173,2029,138,290,199,14,,,,,118,3961,2272,662,,,,3480,6414,0,,,"Consolidado com errata","01/07/1993","RJ"
1993,9,572,19,,,,591,,787,,362,1149,2058,143,297,217,14,,,,,98,3976,2354,580,,,,3349,6283,0,,,"Consolidado com errata","01/09/1993","RJ"
1993,4,721,23,,,,744,,829,,395,1224,1994,139,294,216,25,,,,,142,4034,2088,561,,,,3618,6267,0,,,"Consolidado com errata","01/04/1993","RJ"
1993,11,609,31,,,,640,,958,,423,1381,2181,166,328,220,25,,,,,127,4428,2173,612,,,,3390,6175,0,,,"Consolidado com errata","01/11/1993","RJ"
1993,1,597,13,,,,610,,688,,410,1098,2048,133,299,233,20,,,,,104,3935,2341,761,,,,3791,6893,0,,,"Consolidado com errata","01/01/1993","RJ"
1993,3,755,18,,,,773,,735,,450,1185,2289,146,337,218,13,,,,,161,4349,2458,636,,,,3809,6903,0,,,"Consolidado com errata","01/03/1993","RJ"
1993,12,618,25,,,,643,,907,,378,1285,1973,185,326,221,17,,,,,123,4130,1932,658,,,,3399,5989,0,,,"Consolidado com errata","01/12/1993","RJ"
1993,5,665,24,,,,689,,755,,447,1202,2008,117,350,193,17,,,,,133,4020,2287,517,,,,3604,6408,0,,,"Consolidado com errata","01/05/1993","RJ"
1994,1,671,19,,,,690,,912,,352,1264,2010,94,304,216,18,,,,,136,4042,2286,538,,,,3407,6231,0,,,"Consolidado com errata","01/01/1994","RJ"
1994,8,610,18,,,,628,,1174,,426,1600,2196,108,914,196,19,,,,,170,5203,2281,1013,,,,3510,6804,0,,,"Consolidado com errata","01/08/1994","RJ"
1994,5,621,24,,,,645,,981,,481,1462,2589,139,371,225,22,,,,,180,4988,2548,488,,,,3221,6257,0,,,"Consolidado com errata","01/05/1994","RJ"
1994,9,694,12,,,,706,,849,,427,1276,2170,92,278,157,36,,,,,127,4136,1841,549,,,,2710,5100,0,,,"Consolidado com errata","01/09/1994","RJ"
1994,6,682,16,,,,698,,977,,356,1333,2560,112,324,198,10,,,,,126,4663,2409,502,,,,2960,5871,0,,,"Consolidado com errata","01/06/1994","RJ"
1994,3,740,22,,,,762,,1041,,449,1490,2725,101,358,249,26,,,,,166,5115,2630,629,,,,3242,6501,0,,,"Consolidado com errata","01/03/1994","RJ"
1994,11,681,19,,,,700,,1043,,338,1381,1957,101,287,160,38,,,,,127,4051,1736,505,,,,2794,5035,0,,,"Consolidado com errata","01/11/1994","RJ"
1994,4,737,20,,,,757,,980,,448,1428,2497,112,377,200,20,,,,,170,4804,2394,521,,,,3122,6037,0,,,"Consolidado com errata","01/04/1994","RJ"
1994,12,826,21,,,,847,,1045,,406,1451,2012,189,293,165,42,,,,,159,4311,1679,571,,,,2712,4962,0,,,"Consolidado com errata","01/12/1994","RJ"
1994,7,681,24,,,,705,,912,,374,1286,2360,140,279,179,17,,,,,118,4379,2497,521,,,,2925,5943,0,,,"Consolidado com errata","01/07/1994","RJ"
1994,10,761,8,,,,769,,897,,331,1228,2361,102,302,144,44,,,,,111,4292,2068,475,,,,2719,5262,0,,,"Consolidado com errata","01/10/1994","RJ"
1994,2,704,20,,,,724,,842,,371,1213,2033,96,316,184,18,,,,,114,3974,1862,605,,,,3021,5488,0,,,"Consolidado com errata","01/02/1994","RJ"
1995,9,623,19,,,,642,,936,,498,1434,1906,62,299,97,29,,,,,154,3981,1736,560,,,,2523,4819,0,,,"Consolidado com errata","01/09/1995","RJ"
1995,8,664,12,,,,676,,963,,445,1408,2007,68,367,124,49,,,,,182,4205,1817,622,,,,2697,5136,0,,,"Consolidado com errata","01/08/1995","RJ"
1995,11,603,17,,,,620,,871,,456,1327,1699,98,288,130,54,,,,,149,3745,1622,595,,,,2474,4691,0,,,"Consolidado com errata","01/11/1995","RJ"
1995,2,814,16,,,,830,,981,,350,1331,1876,118,294,144,32,,,,,152,3947,1737,465,,,,2519,4721,0,,,"Consolidado com errata","01/02/1995","RJ"
1995,6,673,20,,,,693,,883,,442,1325,2061,94,298,132,31,,,,,174,4115,1951,463,,,,2606,5020,0,,,"Consolidado com errata","01/06/1995","RJ"
1995,1,831,17,,,,848,,1056,,377,1433,2060,188,323,174,38,,,,,134,4350,1924,520,,,,2941,5385,0,,,"Consolidado com errata","01/01/1995","RJ"
1995,5,784,19,,,,803,,1021,,415,1436,2178,101,322,158,26,,,,,169,4390,1843,441,,,,2815,5099,0,,,"Consolidado com errata","01/05/1995","RJ"
1995,10,565,18,,,,583,,867,,486,1353,1806,59,361,122,37,,,,,147,3885,1819,622,,,,2512,4953,0,,,"Consolidado com errata","01/10/1995","RJ"
1995,7,702,12,,,,714,,904,,416,1320,2010,74,343,157,43,,,,,159,4106,1927,514,,,,2614,5055,0,,,"Consolidado com errata","01/07/1995","RJ"
1995,12,635,13,,,,648,,890,,402,1292,1509,90,324,78,38,,,,,153,3484,1575,715,,,,2498,4788,0,,,"Consolidado com errata","01/12/1995","RJ"
1995,4,788,20,,,,808,,1033,,426,1459,2293,86,315,150,37,,,,,176,4516,1842,440,,,,2556,4838,0,,,"Consolidado com errata","01/04/1995","RJ"
1995,3,756,17,,,,773,,976,,413,1389,2271,160,352,159,26,,,,,190,4547,2135,457,,,,2889,5481,0,,,"Consolidado com errata","01/03/1995","RJ"
1996,11,557,14,,,,571,,1012,,366,1378,1412,249,287,94,16,,,,,226,3662,1504,695,,,,2717,4916,0,,,"Consolidado com errata","01/11/1996","RJ"
1996,10,621,6,,,,627,,1078,,415,1493,1394,272,278,106,20,,,,,234,3797,1715,751,,,,2776,5242,0,,,"Consolidado com errata","01/10/1996","RJ"
1996,12,627,12,,,,639,,1105,,449,1554,1350,319,315,87,19,,,,,195,3839,1553,902,,,,2799,5254,0,,,"Consolidado com errata","01/12/1996","RJ"
1996,6,596,18,,,,614,,958,,507,1465,1506,237,294,77,22,,,,,173,3774,1586,813,,,,2322,4721,0,,,"Consolidado com errata","01/06/1996","RJ"
1996,9,571,11,,,,582,,1024,,383,1407,1312,250,298,103,18,,,,,170,3558,1637,833,,,,2467,4937,0,,,"Consolidado com errata","01/09/1996","RJ"
1996,3,706,14,,,,720,,994,,480,1474,1890,265,315,84,30,,,,,243,4301,1829,799,,,,2623,5251,0,,,"Consolidado com errata","01/03/1996","RJ"
1996,2,601,17,,,,618,,1002,,436,1438,1555,216,274,67,31,,,,,162,3743,1526,787,,,,2538,4851,0,,,"Consolidado com errata","01/02/1996","RJ"
1996,5,556,16,,,,572,,1025,,567,1592,1652,244,335,84,24,,,,,196,4127,1777,855,,,,2584,5216,0,,,"Consolidado com errata","01/05/1996","RJ"
1996,7,624,14,,,,638,,1073,,485,1558,1507,254,278,87,18,,,,,148,3850,1825,1013,,,,2464,5302,0,,,"Consolidado com errata","01/07/1996","RJ"
1996,8,601,20,,,,621,,1048,,449,1497,1479,251,260,115,17,,,,,180,3799,1723,926,,,,2487,5136,0,,,"Consolidado com errata","01/08/1996","RJ"
1996,4,578,14,,,,592,,1006,,530,1536,1741,250,433,120,47,,,,,207,4334,1720,788,,,,2618,5126,0,,,"Consolidado com errata","01/04/1996","RJ"
1996,1,621,10,,,,631,,986,,413,1399,1569,196,243,96,26,,,,,194,3723,1731,622,,,,2773,5126,0,,,"Consolidado com errata","01/01/1996","RJ"
1997,10,573,2,,,,575,,1080,,602,1682,1763,310,331,90,13,,,,,815,5004,1819,706,,,,3845,6370,0,,,"Consolidado com errata","01/10/1997","RJ"
1997,5,586,11,,,,597,,1461,,633,2094,1736,276,418,89,7,,,,,277,4897,1865,1178,,,,3103,6146,0,,,"Consolidado com errata","01/05/1997","RJ"
1997,6,640,16,,,,656,,1349,,543,1892,1641,259,370,79,17,,,,,287,4545,1769,1031,,,,2871,5671,0,,,"Consolidado com errata","01/06/1997","RJ"
1997,8,544,6,,,,550,,895,,612,1507,1667,257,295,79,17,,,,,1063,4885,1948,689,,,,3925,6562,0,,,"Consolidado com errata","01/08/1997","RJ"
1997,3,624,8,,,,632,,1212,,501,1713,1634,227,326,111,9,,,,,294,4314,1901,870,,,,2949,5720,0,,,"Consolidado com errata","01/03/1997","RJ"
1997,2,649,11,,,,660,,1162,,522,1684,1360,198,277,84,14,,,,,228,3845,1564,969,,,,2818,5351,0,,,"Consolidado com errata","01/02/1997","RJ"
1997,4,530,14,,,,544,,1374,,621,1995,1776,246,337,82,15,,,,,295,4746,1845,1098,,,,3016,5959,0,,,"Consolidado com errata","01/04/1997","RJ"
1997,9,601,7,,,,608,,952,,579,1531,1692,308,294,70,7,,,,,1059,4961,1923,527,,,,3728,6178,0,,,"Consolidado com errata","01/09/1997","RJ"
1997,7,541,10,,,,551,,872,,533,1405,1687,186,325,73,16,,,,,1062,4754,2001,621,,,,3500,6122,0,,,"Consolidado com errata","01/07/1997","RJ"
1997,12,537,11,,,,548,,935,,500,1435,1482,265,321,64,13,,,,,1101,4681,1582,609,,,,3847,6038,0,,,"Consolidado com errata","01/12/1997","RJ"
1997,11,529,11,,,,540,,951,,427,1378,1696,275,308,82,6,,,,,985,4730,1845,501,,,,3727,6073,0,,,"Consolidado com errata","01/11/1997","RJ"
1997,1,569,10,,,,579,,1269,,501,1770,1442,256,277,97,22,,,,,265,4129,1772,830,,,,3005,5607,0,,,"Consolidado com errata","01/01/1997","RJ"
1998,8,433,9,,,32,474,362,878,,518,1396,1857,189,315,78,14,,,,,1309,5158,1752,484,,,,4048,6284,0,,,"Consolidado com errata","01/08/1998","RJ"
1998,11,385,22,,,29,436,418,722,,576,1298,1885,115,331,74,9,,,,,1638,5350,1676,347,,,,4016,6039,0,,,"Consolidado com errata","01/11/1998","RJ"
1998,7,447,13,,,24,484,327,879,,594,1473,1966,256,332,79,10,,,,,1217,5333,1989,415,,,,4122,6526,0,,,"Consolidado com errata","01/07/1998","RJ"
1998,4,518,10,,,41,569,373,911,,597,1508,1750,220,350,67,18,,,,,1297,5210,1869,513,,,,4021,6403,0,,,"Consolidado com errata","01/04/1998","RJ"
1998,10,458,9,,,32,499,328,787,,512,1299,1938,83,296,69,7,,,,,1711,5403,1745,381,,,,4330,6456,0,,,"Consolidado com errata","01/10/1998","RJ"
1998,1,577,14,,,18,609,323,1100,,614,1714,1799,320,380,72,11,,,,,1031,5327,1754,705,,,,4355,6814,0,,,"Consolidado com errata","01/01/1998","RJ"
1998,2,519,7,,,23,549,259,1015,,564,1579,1582,255,330,74,11,,,,,1088,4919,1575,623,,,,3779,5977,0,,,"Consolidado com errata","01/02/1998","RJ"
1998,9,433,8,,,32,473,342,831,,590,1421,1691,147,303,81,7,,,,,1436,5086,1646,428,,,,4079,6153,0,,,"Consolidado com errata","01/09/1998","RJ"
1998,3,606,11,,,35,652,312,1054,,610,1664,1762,309,394,59,19,,,,,1191,5398,1889,564,,,,4582,7035,0,,,"Consolidado com errata","01/03/1998","RJ"
1998,12,465,9,,,10,484,393,827,,515,1342,1912,125,309,88,9,,,,,1676,5461,1629,483,,,,4465,6577,0,,,"Consolidado com errata","01/12/1998","RJ"
1998,6,396,5,,,38,439,321,759,,489,1248,1609,240,319,62,15,,,,,1171,4664,1804,422,,,,3631,5857,0,,,"Consolidado com errata","01/06/1998","RJ"
1998,5,489,12,,,41,542,350,795,,558,1353,1768,246,305,93,10,,,,,1284,5059,1981,322,,,,3963,6266,0,,,"Consolidado com errata","01/05/1998","RJ"
1999,10,447,15,7,469,21,490,282,1314,,639,1953,2550,80,454,113,8,,,,,1380,6538,1615,485,,,,4452,6552,0,,33646,"Consolidado com errata","01/10/1999","RJ"
1999,7,463,10,10,483,13,496,344,1085,,668,1753,2874,72,441,135,8,,,,,1577,6860,1739,436,,,,4589,6764,0,,34052,"Consolidado com errata","01/07/1999","RJ"
1999,5,533,8,6,547,33,580,356,1067,,699,1766,2684,78,443,114,15,,,,,1590,6690,1866,384,,,,4721,6971,0,,33588,"Consolidado com errata","01/05/1999","RJ"
1999,9,448,19,10,477,25,502,310,1207,,687,1894,2460,73,414,91,5,,,,,1452,6389,1555,404,,,,4187,6146,0,,32756,"Consolidado com errata","01/09/1999","RJ"
1999,2,508,14,7,529,25,554,349,890,,577,1467,2019,101,347,97,16,,,,,1530,5577,1603,431,,,,4217,6251,0,,30621,"Consolidado com errata","01/02/1999","RJ"
1999,3,451,12,13,476,25,501,328,900,,633,1533,2652,121,421,108,20,,,,,1883,6738,1999,381,,,,4576,6956,0,,35094,"Consolidado com errata","01/03/1999","RJ"
1999,4,510,14,6,530,15,545,304,897,,713,1610,2535,103,443,98,13,,,,,1635,6437,1841,347,,,,4498,6686,0,,32577,"Consolidado com errata","01/04/1999","RJ"
1999,12,478,8,11,497,26,523,449,1346,,586,1932,2137,95,389,117,6,,,,,1629,6305,1417,690,,,,4960,7067,0,,34179,"Consolidado com errata","01/12/1999","RJ"
1999,1,530,4,4,538,29,567,345,877,,544,1421,2241,99,368,82,4,,,,,1457,5672,1899,499,,,,4198,6596,0,,32209,"Consolidado com errata","01/01/1999","RJ"
1999,6,494,4,4,502,20,522,355,987,,670,1657,2798,87,459,122,19,,,,,1620,6762,1814,387,,,,4677,6878,0,,32885,"Consolidado com errata","01/06/1999","RJ"
1999,11,471,11,6,488,39,527,267,1209,,592,1801,2136,72,405,118,3,,,,,1467,6002,1538,513,,,,4721,6772,0,,32548,"Consolidado com errata","01/11/1999","RJ"
1999,8,555,27,21,603,18,621,284,1114,,645,1759,2580,90,479,126,12,,,,,1507,6553,1637,432,,,,4299,6368,0,,32684,"Consolidado com errata","01/08/1999","RJ"
2000,4,546,19,7,572,22,594,192,1370,0,776,2146,2749,303,428,105,14,,,,,1379,7124,1410,639,,,,4885,6934,0,,35786,"Consolidado com errata","01/04/2000","RJ"
2000,5,577,13,7,597,30,627,248,1607,0,819,2426,2757,327,438,94,14,,,,,1419,7475,1557,645,,,,5231,7433,0,,37301,"Consolidado com errata","01/05/2000","RJ"
2000,12,535,25,4,564,37,601,221,1293,1340,496,3129,2197,316,469,108,11,,,,,1505,7735,1362,935,,,,6094,8391,0,,36886,"Consolidado com errata","01/12/2000","RJ"
2000,6,545,28,6,579,26,605,217,1742,0,807,2549,2289,324,508,115,18,,,,,1065,6868,1497,847,,,,4744,7088,0,,35201,"Consolidado com errata","01/06/2000","RJ"
2000,3,572,12,12,596,25,621,202,1467,0,809,2276,2503,274,391,149,8,,,,,1379,6980,1483,747,,,,5394,7624,0,,37426,"Consolidado com errata","01/03/2000","RJ"
2000,9,472,19,3,494,43,537,199,1916,0,611,2527,2118,255,484,111,17,,,,,1112,6624,1437,914,,,,4951,7302,0,,35060,"Consolidado com errata","01/09/2000","RJ"
2000,11,495,16,6,517,47,564,205,1432,779,502,2713,2119,271,440,100,13,,,,,1434,7090,1512,778,,,,5236,7526,0,,35435,"Consolidado com errata","01/11/2000","RJ"
2000,2,500,11,6,517,32,549,252,1572,0,795,2367,2257,293,369,109,19,,,,,1268,6682,1466,623,,,,4992,7081,0,,36131,"Consolidado com errata","01/02/2000","RJ"
2000,7,448,16,5,469,32,501,234,1751,0,662,2413,2283,278,515,126,17,,,,,1084,6716,1423,754,,,,4726,6903,0,,34894,"Consolidado com errata","01/07/2000","RJ"
2000,8,500,16,4,520,50,570,219,1856,1,698,2555,2248,253,477,134,10,,,,,1205,6882,1464,854,,,,5232,7550,0,,37087,"Consolidado com errata","01/08/2000","RJ"
2000,10,550,12,8,570,46,616,225,1935,0,697,2632,2043,252,472,129,17,,,,,1238,6783,1539,975,,,,4952,7466,0,,37393,"Consolidado com errata","01/10/2000","RJ"
2000,1,547,13,11,571,37,608,264,1278,0,633,1911,2165,245,373,129,10,,,,,1450,6283,1610,588,,,,4862,7060,0,,33870,"Consolidado com errata","01/01/2000","RJ"
2001,7,430,7,3,440,42,482,269,1206,1231,355,2792,2053,264,521,92,13,,,,,1647,7382,1535,777,,,,5502,7814,0,,36187,"Consolidado com errata","01/07/2001","RJ"
2001,9,495,17,4,516,50,566,231,1308,1315,315,2938,2483,270,596,149,9,,,,,1962,8407,1470,753,,,,5501,7724,0,,37415,"Consolidado com errata","01/09/2001","RJ"
2001,5,519,31,6,556,45,601,287,1071,1398,630,3099,2234,283,518,109,14,,,,,1869,8126,1522,539,,,,6136,8197,0,,37289,"Consolidado com errata","01/05/2001","RJ"
2001,2,547,18,6,571,52,623,233,1106,1223,466,2795,2138,212,438,111,14,,,,,1896,7604,1426,612,,,,5869,7907,0,,35666,"Consolidado com errata","01/02/2001","RJ"
2001,3,573,23,7,603,57,660,221,1120,1405,586,3111,2589,292,520,132,10,,,,,1963,8617,1630,533,,,,6536,8699,0,,39243,"Consolidado com errata","01/03/2001","RJ"
2001,4,526,29,8,563,53,616,266,1084,1339,570,2993,2305,281,523,131,15,,,,,1853,8101,1481,519,,,,6083,8083,0,,37865,"Consolidado com errata","01/04/2001","RJ"
2001,1,543,17,5,565,43,608,240,1059,1388,440,2887,2209,264,421,116,12,,,,,1818,7727,1487,863,,,,6677,9027,0,,37342,"Consolidado com errata","01/01/2001","RJ"
2001,6,443,25,8,476,50,526,241,1049,1316,467,2832,2205,273,500,130,11,,,,,1812,7763,1482,574,,,,5643,7699,0,,35618,"Consolidado com errata","01/06/2001","RJ"
2001,8,477,20,8,505,48,553,253,1328,1320,326,2974,2387,284,565,86,18,,,,,1885,8199,1554,797,,,,5629,7980,0,,39287,"Consolidado com errata","01/08/2001","RJ"
2001,12,515,12,9,536,52,588,257,1418,1201,316,2935,2511,347,584,120,13,,,,,2063,8573,1543,943,,,,5935,8421,0,,38665,"Consolidado com errata","01/12/2001","RJ"
2001,10,547,21,10,578,57,635,218,1379,1456,339,3174,2463,272,714,141,15,,,,,2059,8838,1591,796,,,,5945,8332,0,,40485,"Consolidado com errata","01/10/2001","RJ"
2001,11,548,25,9,582,43,625,224,1370,1345,365,3080,2522,281,600,108,20,,,,,2025,8636,1476,733,,,,5776,7985,0,,38515,"Consolidado com errata","01/11/2001","RJ"
2002,5,667,22,6,695,75,770,205,1616,1324,482,3422,3210,412,638,166,13,,,,,2632,10493,1806,863,,,,6275,8944,0,,43388,"Consolidado com errata","01/05/2002","RJ"
2002,10,577,17,3,597,73,670,224,1754,1060,507,3321,2827,353,540,140,5,,,,,2486,9672,1733,933,,,,6731,9397,0,,45692,"Consolidado com errata","01/10/2002","RJ"
2002,6,552,15,7,574,58,632,203,1472,913,404,2789,2538,251,530,135,8,,,,,2089,8340,1550,808,,,,5594,7952,0,,38595,"Consolidado com errata","01/06/2002","RJ"
2002,8,493,12,9,514,99,613,204,1683,1005,426,3114,2509,317,583,140,4,,,,,2255,8922,1630,893,,,,6420,8943,0,,42695,"Consolidado com errata","01/08/2002","RJ"
2002,2,533,8,0,541,57,598,213,1324,1345,311,2980,2611,297,537,111,11,,,,,2336,8883,1578,741,,,,5869,8188,0,,37020,"Consolidado com errata","01/02/2002","RJ"
2002,4,668,24,7,699,70,769,222,1722,1369,508,3599,3490,459,669,165,14,,,,,2954,11350,1839,842,,,,6364,9045,0,,43805,"Consolidado com errata","01/04/2002","RJ"
2002,7,528,11,1,540,73,613,216,1535,943,393,2871,2682,293,568,130,12,,,,,2337,8893,1621,827,,,,6062,8510,0,,40149,"Consolidado com errata","01/07/2002","RJ"
2002,12,632,12,8,652,66,718,222,1795,883,499,3177,3098,482,687,183,8,,,,,2605,10240,1769,1052,,,,7152,9973,0,,44760,"Consolidado com errata","01/12/2002","RJ"
2002,1,536,13,7,556,86,642,185,1316,1297,322,2935,2774,336,529,124,17,,,,,2275,8990,1785,797,,,,6433,9015,0,,39833,"Consolidado com errata","01/01/2002","RJ"
2002,3,614,20,7,641,63,704,230,1578,1422,465,3465,3262,413,682,134,9,,,,,2812,10777,1781,778,,,,6513,9072,0,,42741,"Consolidado com errata","01/03/2002","RJ"
2002,9,540,17,6,563,75,638,232,1528,958,422,2908,2478,296,546,154,10,,,,,2090,8482,1753,814,,,,6212,8779,0,,40036,"Consolidado com errata","01/09/2002","RJ"
2002,11,545,22,4,571,105,676,184,1730,953,436,3119,2953,366,572,169,13,,,,,2486,9678,1875,857,,,,6708,9440,0,,43619,"Consolidado com errata","01/11/2002","RJ"
2004,9,507,21,2,530,86,616,238,2059,475,711,3245,2610,352,546,122,2,0,5,165,,1154,8201,1493,702,298,878,,5976,9347,0,0,46447,"Consolidado com errata","01/09/2004","RJ"
2006,10,552,13,2,567,87,654,196,4197,680,906,5783,2939,395,366,151,2,11,15,168,,1429,11259,2000,1503,487,1675,,7197,12862,0,0,51934,"Consolidado com errata","01/10/2006","RJ"
2007,9,447,16,1,464,125,589,299,5197,698,834,6729,2375,327,354,123,2,3,21,199,,1224,11357,1830,1871,554,1485,,7147,12887,0,2,52666,"Consolidado com errata","01/09/2007","RJ"
2007,6,445,17,3,465,108,573,242,5080,648,869,6597,2547,376,404,133,2,2,11,191,,1231,11494,1778,1892,608,1372,,6972,12622,0,0,51486,"Consolidado com errata","01/06/2007","RJ"
2008,5,412,22,2,436,147,583,250,5703,649,856,7208,2251,302,412,114,5,2,16,197,,1127,11634,1781,2108,677,1807,,7708,14081,0,0,53450,"Consolidado com errata","01/05/2008","RJ"
2009,8,432,12,3,447,75,522,203,5557,661,745,6963,1928,228,394,116,5,2,12,154,,1108,10910,1699,2273,695,1753,,7348,13768,0,0,54526,"Consolidado com errata","01/08/2009","RJ"
2009,11,438,13,4,455,76,531,219,5336,636,625,6597,1688,224,383,145,3,2,8,184,,930,10164,1576,2431,738,1920,,7375,14040,0,0,56000,"Consolidado com errata","01/11/2009","RJ"
2010,4,432,11,2,445,102,547,216,5581,574,716,6871,1784,181,420,113,2,1,6,129,,990,10497,1594,2263,789,1768,,7381,13795,0,0,53658,"Consolidado com errata","01/04/2010","RJ"
2010,3,492,17,4,513,81,594,186,6036,693,795,7524,2041,229,441,148,2,3,14,145,,1100,11647,1713,2744,871,1954,,8260,15542,0,0,59907,"Consolidado com errata","01/03/2010","RJ"
2010,10,406,16,7,429,71,500,219,5266,607,765,6638,1590,170,427,123,1,3,3,153,,924,10032,1545,2381,860,1721,,7579,14086,0,0,56358,"Consolidado com errata","01/10/2010","RJ"
2010,8,344,12,8,364,30,394,178,5166,543,695,6404,1558,184,362,120,1,2,10,161,,832,9634,1628,2384,873,1875,,7611,14371,0,1,56596,"Consolidado com errata","01/08/2010","RJ"
2010,6,347,12,7,366,74,440,185,5083,613,669,6365,1699,212,363,121,1,2,12,124,,896,9795,1585,2510,815,1846,,7508,14264,0,0,53942,"Consolidado com errata","01/06/2010","RJ"
2011,12,345,13,3,361,20,381,220,4163,303,418,4884,1615,350,356,108,4,1,4,148,,901,8371,1227,2958,805,1526,,8122,14638,0,2,59577,"Consolidado com errata","01/12/2011","RJ"
2011,11,339,10,2,351,33,384,205,4076,372,437,4885,1595,300,355,92,0,1,5,158,,867,8258,1263,2382,831,1592,,7508,13576,0,0,55043,"Consolidado com errata","01/11/2011","RJ"
2011,10,318,11,2,331,20,351,213,4137,397,511,5045,1695,257,394,115,1,1,6,143,,878,8535,1413,2392,922,1603,,7475,13805,0,1,56597,"Consolidado com errata","01/10/2011","RJ"
2011,6,307,18,2,327,62,389,181,4433,445,502,5380,1439,247,372,97,2,1,7,188,,782,8515,1244,2637,886,1847,,7536,14150,0,0,56247,"Consolidado com errata","01/06/2011","RJ"
2011,2,368,7,2,377,39,416,187,4742,516,588,5846,1490,234,453,81,3,2,8,185,,835,9137,1227,3130,851,2022,,7951,15181,0,0,57840,"Consolidado com errata","01/02/2011","RJ"
2011,4,403,6,7,416,68,484,186,4687,495,598,5780,1491,239,414,105,1,2,13,178,,909,9132,1293,2579,852,1933,,8132,14789,0,0,58691,"Consolidado com errata","01/04/2011","RJ"
2011,1,425,9,5,439,61,500,179,4771,505,616,5892,1567,231,409,92,4,1,4,138,,865,9203,1423,2822,763,2037,,7969,15014,0,0,57852,"Consolidado com errata","01/01/2011","RJ"
2011,8,371,11,2,384,18,402,226,4725,458,537,5720,1642,253,354,82,5,1,12,190,,855,9114,1250,2641,920,1790,,7720,14321,0,0,59713,"Consolidado com errata","01/08/2011","RJ"
2012,1,329,12,2,343,38,381,202,4094,362,417,4873,1630,299,384,104,3,2,4,154,,972,8425,1386,3210,857,1607,,8126,15186,0,1,58558,"Consolidado com errata","01/01/2012","RJ"
2012,8,294,11,1,306,44,350,220,4041,371,345,4757,1751,328,422,100,2,3,7,167,,919,8456,1309,2552,888,1647,,8332,14728,0,0,60926,"Consolidado com errata","01/08/2012","RJ"
2012,2,395,14,2,411,35,446,175,4533,379,458,5370,1981,288,457,108,3,2,6,146,,960,9321,1367,5368,869,1880,,8379,17863,0,0,61283,"Consolidado com errata","01/02/2012","RJ"
2012,11,325,8,2,335,38,373,206,3898,312,362,4572,1728,288,398,96,2,1,4,151,,893,8133,1362,2353,763,1413,,8125,14016,0,1,56523,"Consolidado com errata","01/11/2012","RJ"
2013,1,397,11,2,410,29,439,175,4352,348,405,5105,1946,336,489,125,0,4,8,155,,808,8976,1413,3492,771,1524,,8911,16111,0,0,61491,"Consolidado com errata","01/01/2013","RJ"
2013,12,461,17,5,483,43,526,195,5667,436,523,6626,2893,420,661,117,1,2,11,122,,1108,11961,1498,2687,902,1290,,8189,14566,0,0,65609,"Consolidado com errata","01/12/2013","RJ"
2003,4,585,14,11,610,125,735,207,1529,1007,624,3160,2966,303,702,169,10,0,37,232,,2643,10222,1694,780,57,540,,7338,10409,4,1,44184,"Consolidado com errata","01/04/2003","RJ"
2003,5,599,20,6,625,96,721,228,1558,1072,663,3293,3167,345,712,188,3,1,26,273,,2867,10875,1805,812,57,554,,7186,10414,4,1,45572,"Consolidado com errata","01/05/2003","RJ"
2003,1,589,20,6,615,90,705,163,1427,966,658,3051,3236,357,589,172,5,1,18,210,,2657,10296,1940,983,49,760,,6751,10483,3,2,44793,"Consolidado com errata","01/01/2003","RJ"
2003,7,527,17,8,552,100,652,196,1395,1018,426,2839,2541,324,763,174,4,0,22,278,,2511,9456,1669,729,36,573,,6595,9602,1,1,44673,"Consolidado com errata","01/07/2003","RJ"
2003,8,500,10,4,514,94,608,187,1491,1040,349,2880,2520,306,582,164,2,0,18,226,,2592,9290,1590,726,41,534,,6344,9235,4,0,42511,"Consolidado com errata","01/08/2003","RJ"
2003,3,613,16,5,634,113,747,188,1537,982,683,3202,2923,310,640,178,8,1,33,189,,2492,9976,1833,943,55,647,,7498,10976,7,1,45417,"Consolidado com errata","01/03/2003","RJ"
2003,6,546,14,2,562,86,648,236,1426,963,540,2929,2686,312,643,140,4,0,31,246,,2487,9478,1535,786,36,484,,6362,9203,3,1,44092,"Consolidado com errata","01/06/2003","RJ"
2003,11,528,12,3,543,75,618,174,1443,1130,366,2939,2429,327,523,154,2,0,14,233,,2520,9141,1560,758,39,653,,6518,9528,4,0,44024,"Consolidado com errata","01/11/2003","RJ"
2003,2,583,12,4,599,111,710,188,1532,963,691,3186,3169,443,720,170,12,0,20,234,,2680,10634,1732,858,53,648,,7044,10335,2,0,45403,"Consolidado com errata","01/02/2003","RJ"
2003,9,512,16,4,532,102,634,182,1504,1202,377,3083,2524,271,571,188,1,1,26,239,,2790,9694,1543,696,34,656,,6738,9667,2,0,44508,"Consolidado com errata","01/09/2003","RJ"
2003,10,489,16,1,506,132,638,187,1457,1277,345,3079,2701,363,563,143,0,1,26,242,,2789,9907,1553,689,31,645,,6772,9690,4,0,45199,"Consolidado com errata","01/10/2003","RJ"
2003,12,553,12,2,567,71,638,241,1585,1140,303,3028,2669,412,544,183,5,2,20,281,,2721,9865,1488,923,23,608,,6949,9991,5,0,45787,"Consolidado com errata","01/12/2003","RJ"
2004,2,540,16,5,561,65,626,178,1431,1076,404,2911,2292,279,469,163,1,3,17,253,,2678,9066,1581,813,51,719,,6855,10019,6,0,42331,"Consolidado com errata","01/02/2004","RJ"
2004,12,545,7,2,554,65,619,259,2419,381,699,3499,2579,574,500,163,5,3,30,265,,1227,8845,1517,975,331,843,,6669,10335,7,0,47478,"Consolidado com errata","01/12/2004","RJ"
2004,7,505,15,2,522,69,591,231,1763,1069,587,3419,2851,367,571,162,4,0,19,242,,1830,9465,1618,775,177,781,,6089,9440,7,0,45077,"Consolidado com errata","01/07/2004","RJ"
2004,5,605,18,5,628,103,731,202,1692,1396,384,3472,3059,480,562,148,5,0,11,226,,1917,9880,1775,673,60,729,,6706,9943,6,0,46305,"Consolidado com errata","01/05/2004","RJ"
2004,1,578,12,4,594,77,671,187,1384,1304,321,3009,2673,292,461,169,1,4,26,229,,2873,9737,1746,808,34,793,,6927,10308,1,0,45289,"Consolidado com errata","01/01/2004","RJ"
2004,10,522,13,6,541,114,655,209,2268,388,756,3412,2745,408,472,141,6,5,9,195,,1252,8645,1608,786,270,848,,6135,9647,10,0,46514,"Consolidado com errata","01/10/2004","RJ"
2004,8,521,14,6,541,90,631,239,1946,799,569,3314,2494,305,455,133,1,0,15,219,,1531,8467,1554,751,226,899,,6205,9635,2,0,47004,"Consolidado com errata","01/08/2004","RJ"
2004,6,502,13,1,516,75,591,190,1594,1371,439,3404,2789,419,528,152,1,2,10,253,,1847,9405,1617,763,66,798,,6561,9805,3,0,44850,"Consolidado com errata","01/06/2004","RJ"
2004,4,514,21,1,536,68,604,219,1890,996,454,3340,2894,422,536,150,3,1,18,219,,2342,9925,1716,684,64,714,,6546,9724,3,0,44907,"Consolidado com errata","01/04/2004","RJ"
2004,11,570,18,4,592,90,682,193,2281,437,716,3434,2645,428,518,177,3,2,14,227,,1297,8745,1527,761,318,773,,6531,9910,1,0,46496,"Consolidado com errata","01/11/2004","RJ"
2004,3,529,17,1,547,81,628,185,1529,1392,456,3377,2777,388,545,180,5,0,20,283,,2947,10522,1697,744,47,804,,7365,10657,4,0,47564,"Consolidado com errata","01/03/2004","RJ"
2005,4,526,15,3,544,67,611,238,2701,589,852,4142,3051,357,438,133,3,2,20,159,,1599,9904,1767,914,348,1188,,6183,10400,3,1,49051,"Consolidado com errata","01/04/2005","RJ"
2005,3,682,26,2,710,94,804,249,2876,553,811,4240,3056,442,464,167,1,11,19,174,,1621,10195,1811,943,340,1291,,6613,10998,4,1,50182,"Consolidado com errata","01/03/2005","RJ"
2005,11,495,16,9,520,95,615,204,3362,592,779,4733,2781,344,353,150,2,3,13,137,,790,9306,1916,1263,404,1303,,5297,10183,3,0,47712,"Consolidado com errata","01/11/2005","RJ"
2005,1,607,19,6,632,72,704,220,2424,441,650,3515,2747,402,428,155,1,4,25,166,,1304,8747,1749,991,282,1074,,6784,10880,1,0,47294,"Consolidado com errata","01/01/2005","RJ"
2005,9,533,12,4,549,111,660,225,3049,563,768,4380,2636,341,368,145,0,8,18,127,,812,8835,1723,1010,343,1250,,4962,9288,2,2,47128,"Consolidado com errata","01/09/2005","RJ"
2005,2,619,12,4,635,59,694,184,2537,410,614,3561,2610,421,434,147,6,4,19,156,,1345,8703,1521,1107,275,989,,6341,10233,3,1,44168,"Consolidado com errata","01/02/2005","RJ"
2005,12,464,19,5,488,77,565,240,3357,565,756,4678,2612,496,391,164,0,6,17,135,,804,9303,1809,1487,428,1402,,5674,10800,3,2,49604,"Consolidado com errata","01/12/2005","RJ"
2005,6,488,17,5,510,116,626,246,3018,624,826,4468,2522,397,422,144,2,11,15,149,,1367,9497,1797,1036,352,1197,,6326,10708,1,0,49133,"Consolidado com errata","01/06/2005","RJ"
2005,7,580,22,5,607,90,697,271,3041,610,843,4494,2442,351,449,165,2,7,19,128,,1377,9434,1806,994,365,1216,,6111,10492,1,0,46539,"Consolidado com errata","01/07/2005","RJ"
2005,10,503,15,4,522,105,627,237,3436,641,771,4848,2777,312,404,139,0,6,11,140,,820,9457,1781,1170,381,1459,,5230,10021,1,0,50144,"Consolidado com errata","01/10/2005","RJ"
2005,8,562,18,6,586,119,705,198,3253,701,783,4737,2457,400,406,185,2,7,18,153,,1427,9792,1715,1087,435,1370,,6824,11431,1,0,50486,"Consolidado com errata","01/08/2005","RJ"
2005,5,561,19,6,586,93,679,273,3026,624,892,4542,2999,359,465,149,1,3,25,164,,1557,10264,1927,1026,386,1228,,6332,10899,1,2,49975,"Consolidado com errata","01/05/2005","RJ"
2006,9,521,19,3,543,75,618,221,3912,692,860,5464,2877,371,362,147,0,7,18,172,,799,10217,1815,1444,501,1631,,5473,10864,2,0,49377,"Consolidado com errata","01/09/2006","RJ"
2006,3,607,23,6,636,92,728,239,3499,570,769,4838,3087,369,424,148,4,3,22,142,,828,9865,1837,1427,357,1420,,5912,10953,4,0,51043,"Consolidado com errata","01/03/2006","RJ"
2006,7,478,15,5,498,88,586,232,3898,702,924,5524,2627,341,373,153,6,0,21,182,,797,10024,2041,1633,459,1739,,5918,11790,3,1,50777,"Consolidado com errata","01/07/2006","RJ"
2006,2,521,20,4,545,70,615,181,3347,530,728,4605,2840,386,436,154,5,5,10,102,,931,9474,1808,2059,361,1508,,5674,11410,2,0,49979,"Consolidado com errata","01/02/2006","RJ"
2006,12,564,23,4,591,81,672,247,4032,605,830,5467,2700,441,390,126,2,3,12,164,,1276,10581,1736,1867,534,1813,,7243,13193,4,0,50853,"Consolidado com errata","01/12/2006","RJ"
2006,1,480,12,4,496,66,562,212,3421,560,828,4809,2660,345,338,145,3,8,11,112,,853,9284,1834,1461,372,1640,,5942,11249,1,0,51469,"Consolidado com errata","01/01/2006","RJ"
2006,4,579,30,3,612,101,713,213,4009,694,936,5639,3098,371,469,160,3,9,9,151,,986,10895,1892,1414,440,1540,,5809,11095,3,0,50239,"Consolidado com errata","01/04/2006","RJ"
2006,5,548,13,4,565,89,654,230,4104,808,941,5853,3223,393,473,170,8,5,18,166,,829,11138,1975,1480,521,1827,,5800,11603,3,1,51647,"Consolidado com errata","01/05/2006","RJ"
2006,8,471,14,6,491,124,615,242,3959,754,884,5597,2662,391,380,161,3,6,21,180,,823,10224,1942,1627,501,1805,,6174,12049,2,0,52511,"Consolidado com errata","01/08/2006","RJ"
2006,6,475,10,7,492,102,594,189,3812,725,892,5429,2740,339,398,135,5,0,11,141,,857,10055,1924,1450,427,1641,,5494,10936,2,0,48803,"Consolidado com errata","01/06/2006","RJ"
2006,11,527,16,7,550,88,638,227,4150,642,865,5657,2871,424,412,137,5,7,15,183,,1360,11071,1833,1579,499,1644,,7315,12870,1,0,50619,"Consolidado com errata","01/11/2006","RJ"
2007,10,486,23,1,510,113,623,258,5476,674,846,6996,2462,324,396,151,3,7,9,214,,1256,11818,1817,2113,606,1566,,7609,13711,1,2,55307,"Consolidado com errata","01/10/2007","RJ"
2007,11,528,17,3,548,110,658,200,5229,581,763,6573,2501,383,371,130,2,6,8,190,,1154,11318,1806,1940,582,1402,,7371,13101,4,2,51733,"Consolidado com errata","01/11/2007","RJ"
2007,8,524,14,3,541,127,668,266,5253,640,913,6806,2470,342,387,145,1,4,16,210,,1244,11625,1797,1967,613,1463,,7170,13010,1,2,53477,"Consolidado com errata","01/08/2007","RJ"
2007,5,466,17,3,486,137,623,242,5232,686,960,6878,2783,392,432,140,3,2,13,214,,1298,12155,1821,1984,641,1647,,7294,13387,5,0,53550,"Consolidado com errata","01/05/2007","RJ"
2007,1,526,7,7,540,117,657,182,4270,607,839,5716,2843,414,329,131,2,4,17,158,,1344,10958,1964,1856,411,1842,,7398,13471,1,0,51514,"Consolidado com errata","01/01/2007","RJ"
2007,7,457,10,3,470,81,551,292,4534,564,784,5882,2288,338,404,131,1,3,11,214,,1167,10439,1689,1892,564,1354,,6856,12355,1,0,50595,"Consolidado com errata","01/07/2007","RJ"
2007,12,556,23,6,585,80,665,273,5352,613,810,6775,2510,387,397,131,1,2,16,160,,1333,11712,1683,2379,638,1599,,7423,13722,1,0,53312,"Consolidado com errata","01/12/2007","RJ"
2007,4,572,15,3,590,131,721,250,4809,654,875,6338,2785,374,432,164,1,3,13,145,,1272,11527,1713,1757,505,1386,,6848,12209,1,0,51559,"Consolidado com errata","01/04/2007","RJ"
2007,3,640,22,8,670,111,781,233,4861,690,996,6547,3348,506,392,159,5,3,11,172,,1546,12689,1909,1802,509,1550,,7603,13373,6,1,56991,"Consolidado com errata","01/03/2007","RJ"
2007,2,486,11,3,500,90,590,185,4201,537,762,5500,2578,309,316,129,1,6,8,143,,1340,10330,1861,2374,428,1603,,7036,13302,2,0,49494,"Consolidado com errata","01/02/2007","RJ"
2008,1,538,11,5,554,109,663,201,5651,684,828,7163,2496,352,376,122,4,7,17,165,,1358,12060,1815,2502,591,1827,,7795,14530,1,0,55329,"Consolidado com errata","01/01/2008","RJ"
2008,12,507,16,2,525,71,596,230,5857,707,769,7333,2337,300,437,147,4,4,14,184,,1159,11919,1782,2338,713,1850,,7669,14352,1,1,54934,"Consolidado com errata","01/12/2008","RJ"
2008,7,413,21,4,438,62,500,233,5918,696,735,7349,2207,258,400,100,6,2,10,165,,1271,11768,1714,2323,663,1750,,7716,14166,3,0,54643,"Consolidado com errata","01/07/2008","RJ"
2008,2,505,21,5,531,109,640,183,5483,680,836,6999,2400,238,418,125,1,6,16,156,,1263,11622,1756,2854,605,1769,,7601,14585,1,0,52685,"Consolidado com errata","01/02/2008","RJ"
2008,10,557,24,1,582,74,656,233,6186,907,922,8015,2630,278,454,141,1,6,14,189,,1325,13053,1832,2367,676,1956,,7997,14828,4,1,59018,"Consolidado com errata","01/10/2008","RJ"
2008,8,430,18,10,458,30,488,253,5602,717,785,7104,2307,237,379,129,9,5,17,249,,1313,11749,1894,2243,681,1729,,7476,14023,2,0,54629,"Consolidado com errata","01/08/2008","RJ"
2008,6,402,19,4,425,105,530,220,5548,728,771,7047,2100,225,407,118,2,4,18,154,,1190,11265,1779,2026,674,1739,,7609,13827,3,1,52578,"Consolidado com errata","01/06/2008","RJ"
2008,11,516,24,2,542,81,623,259,5551,719,781,7051,2231,213,415,135,3,1,11,194,,1152,11406,1893,2096,624,1700,,7458,13771,1,1,54772,"Consolidado com errata","01/11/2008","RJ"
2008,4,475,13,4,492,147,639,220,5538,630,923,7091,2179,269,381,99,1,6,10,186,,1154,11376,1766,1871,604,1640,,7474,13355,2,0,53085,"Consolidado com errata","01/04/2008","RJ"
2008,3,527,21,2,550,140,690,257,5377,699,919,6995,2401,274,421,129,3,5,19,184,,1156,11587,1844,1935,643,1591,,7505,13518,2,0,54890,"Consolidado com errata","01/03/2008","RJ"
2008,9,435,25,4,464,62,526,214,5625,798,796,7219,2308,226,394,134,8,3,10,213,,1221,11736,1772,2146,639,1868,,7484,13909,2,0,54732,"Consolidado com errata","01/09/2008","RJ"
2009,4,542,27,3,572,102,674,189,6369,711,769,7849,2310,226,450,134,5,6,10,191,,1150,12331,1759,2136,688,1673,,7314,13570,1,2,55492,"Consolidado com errata","01/04/2009","RJ"
2009,12,476,25,10,511,74,585,187,5247,621,593,6461,1830,269,385,150,2,1,10,152,,1037,10297,1723,2661,761,1796,,7898,14839,2,0,55145,"Consolidado com errata","01/12/2009","RJ"
2009,6,439,11,6,456,107,563,206,6277,766,802,7845,1968,221,410,143,6,8,13,178,,1078,11870,1638,2072,691,1795,,7340,13536,4,0,54415,"Consolidado com errata","01/06/2009","RJ"
2009,1,551,13,2,566,94,660,189,6145,718,829,7692,2573,212,392,125,5,6,12,159,,1156,12332,1789,2394,630,1990,,7882,14685,3,0,56360,"Consolidado com errata","01/01/2009","RJ"
2009,2,556,19,4,579,75,654,204,6279,659,788,7726,2367,188,381,136,3,5,12,173,,1254,12245,1691,3241,637,1743,,7416,14728,3,2,55116,"Consolidado com errata","01/02/2009","RJ"
2009,3,588,30,5,623,103,726,239,6686,782,926,8394,2564,236,465,156,3,3,18,182,,1442,13463,1830,2478,762,1892,,7967,14929,2,1,61430,"Consolidado com errata","01/03/2009","RJ"
2009,7,397,18,3,418,87,505,165,6063,758,737,7558,1982,206,446,129,4,3,11,186,,1076,11601,1659,2176,757,1804,,7566,13962,1,0,55197,"Consolidado com errata","01/07/2009","RJ"
2009,10,419,21,1,441,93,534,175,5247,701,676,6624,1758,187,396,146,3,4,13,149,,923,10203,1680,2438,693,1762,,7155,13728,3,0,53531,"Consolidado com errata","01/10/2009","RJ"
2009,9,433,18,3,454,82,536,203,5354,687,660,6701,1728,217,424,147,3,3,14,151,,903,10291,1619,2242,746,1914,,7506,14027,2,0,54919,"Consolidado com errata","01/09/2009","RJ"
2009,5,522,14,0,536,80,616,194,6506,799,780,8085,2340,236,418,135,0,12,17,191,,1139,12573,1679,2361,740,1761,,7892,14433,3,2,57585,"Consolidado com errata","01/05/2009","RJ"
2010,12,417,12,1,430,55,485,250,4544,443,620,5607,1480,287,371,124,3,2,11,171,,834,8890,1382,2991,912,1916,,7658,14859,3,0,57604,"Consolidado com errata","01/12/2010","RJ"
2010,11,364,7,1,372,102,474,182,4925,518,646,6089,1413,266,338,107,1,3,6,138,,801,9162,1318,2333,869,1713,,7237,13470,2,0,54447,"Consolidado com errata","01/11/2010","RJ"
2010,7,324,12,3,339,58,397,206,5143,589,784,6516,1666,209,372,103,1,4,9,141,,860,9881,1557,2416,715,1850,,7614,14152,3,0,55674,"Consolidado com errata","01/07/2010","RJ"
2010,9,360,21,1,382,34,416,211,5200,590,671,6461,1489,211,411,135,5,5,4,150,,847,9718,1408,2451,854,1808,,7340,13861,2,1,54971,"Consolidado com errata","01/09/2010","RJ"
2010,1,447,19,6,472,77,549,161,5292,622,568,6482,1945,234,373,123,1,4,10,139,,1036,10347,1683,2618,704,1768,,8077,14850,3,3,56534,"Consolidado com errata","01/01/2010","RJ"
2010,5,361,11,7,379,109,488,208,5749,650,691,7090,1648,215,441,132,2,3,8,147,,963,10649,1670,2639,868,1941,,8052,15170,1,0,58057,"Consolidado com errata","01/05/2010","RJ"
2010,2,473,6,3,482,62,544,198,5361,546,582,6489,1739,221,348,116,2,1,6,123,,1003,10048,1669,4095,710,1985,,7897,16356,1,0,56299,"Consolidado com errata","01/02/2010","RJ"
2011,5,368,10,3,381,74,455,220,4640,496,559,5695,1462,273,408,88,5,0,8,173,,811,8923,1360,2689,939,2054,,8195,15237,2,0,59364,"Consolidado com errata","01/05/2011","RJ"
2011,7,331,6,2,339,37,376,219,4562,482,533,5577,1604,221,393,91,3,0,13,176,,822,8900,1265,2587,897,1725,,7340,13814,1,0,56198,"Consolidado com errata","01/07/2011","RJ"
2011,9,323,8,4,335,23,358,234,4527,407,546,5480,1629,242,343,90,4,3,14,159,,920,8884,1274,2630,954,1623,,7694,14175,3,0,56593,"Consolidado com errata","01/09/2011","RJ"
2011,3,381,9,6,396,68,464,243,5215,515,621,6351,1544,226,401,129,5,0,6,162,,892,9716,1354,4622,860,2215,,8249,17300,1,2,62560,"Consolidado com errata","01/03/2011","RJ"
2012,6,318,9,4,331,19,350,209,4047,355,424,4826,1743,287,446,102,1,5,5,120,,877,8412,1266,2378,843,1461,,7873,13821,1,0,57356,"Consolidado com errata","01/06/2012","RJ"
2012,3,394,17,2,413,38,451,168,4372,407,479,5258,2026,348,479,147,0,2,6,175,,998,9439,1431,2823,929,1667,,8506,15356,1,0,62187,"Consolidado com errata","01/03/2012","RJ"
2012,12,395,8,3,406,26,432,239,3868,301,367,4536,1889,351,411,104,2,5,8,145,,874,8325,1361,2841,841,1470,,8654,15167,3,0,61758,"Consolidado com errata","01/12/2012","RJ"
2012,4,342,7,2,351,45,396,191,4286,372,419,5077,2066,298,440,121,2,1,12,144,,918,9079,1412,2509,867,1549,,8030,14367,2,1,58264,"Consolidado com errata","01/04/2012","RJ"
2012,9,331,13,0,344,15,359,180,3553,337,348,4238,1754,247,419,104,1,5,11,128,,833,7740,1283,2233,787,1439,,7570,13312,2,0,56387,"Consolidado com errata","01/09/2012","RJ"
2012,5,346,10,1,357,41,398,203,4676,410,495,5581,2047,342,456,148,1,2,11,156,,930,9674,1373,2620,1036,1724,,8793,15546,2,1,62143,"Consolidado com errata","01/05/2012","RJ"
2012,7,298,15,5,318,49,367,227,4163,407,377,4947,1688,265,481,98,2,1,8,141,,830,8461,1331,2476,856,1560,,8429,14652,2,0,61308,"Consolidado com errata","01/07/2012","RJ"
2012,10,314,18,0,332,31,363,224,4029,349,350,4728,1762,315,420,89,1,1,10,156,,828,8310,1382,2506,902,1599,,8336,14725,1,0,62040,"Consolidado com errata","01/10/2012","RJ"
2013,7,302,11,1,314,36,350,176,4964,470,523,5957,2242,256,625,141,3,3,11,161,,989,10388,1501,3256,947,1545,,8837,16086,1,2,64980,"Consolidado com errata","01/07/2013","RJ"
2013,11,414,13,2,429,31,460,189,5355,473,542,6370,2644,309,609,127,2,4,12,142,,1101,11320,1441,2514,839,1372,,7921,14087,2,0,63796,"Consolidado com errata","01/11/2013","RJ"
2013,8,407,17,3,427,27,454,217,5333,535,627,6495,2525,290,610,127,1,3,8,159,,1044,11262,1549,2653,934,1445,,8099,14680,3,0,65047,"Consolidado com errata","01/08/2013","RJ"
2013,9,378,16,4,398,41,439,245,5098,572,632,6302,2382,282,588,105,2,7,14,156,,951,10789,1578,2885,886,1913,,8562,15824,3,0,65831,"Consolidado com errata","01/09/2013","RJ"
2013,6,362,16,4,382,26,408,195,4720,497,494,5711,2242,229,641,110,3,3,15,178,,948,10080,1432,2601,870,1422,,8135,14460,1,0,62910,"Consolidado com errata","01/06/2013","RJ"
2013,4,417,10,8,435,37,472,146,4934,400,415,5749,2185,290,524,131,4,11,6,196,,978,10074,1414,2406,927,1357,,8471,14575,1,0,63662,"Consolidado com errata","01/04/2013","RJ"
2013,10,377,12,3,392,38,430,184,5531,529,579,6639,2639,295,546,120,1,4,8,169,,1101,11522,1588,2659,934,1497,,8718,15396,2,1,68030,"Consolidado com errata","01/10/2013","RJ"
2013,5,430,8,2,440,41,481,175,5194,467,550,6211,2139,307,661,131,2,2,16,198,,1028,10695,1429,2476,923,1415,,8395,14638,1,1,64934,"Consolidado com errata","01/05/2013","RJ"
2013,3,411,11,1,423,38,461,163,4792,366,462,5620,2256,262,534,139,0,1,14,129,,990,9945,1509,2319,873,1438,,8698,14837,1,0,64660,"Consolidado com errata","01/03/2013","RJ"
2013,2,389,6,4,399,29,428,171,4678,372,421,5471,1909,258,452,118,2,6,9,136,,817,9178,1316,4743,806,1727,,8963,17555,1,0,64179,"Consolidado com errata","01/02/2013","RJ"
2015,6,272,16,2,290,44,334,140,4421,896,619,5936,2254,566,465,96,3,1,5,106,3,1243,10678,1333,2974,968,1514,5,7475,14269,1,1,60357,"Consolidado com errata","01/06/2015","RJ"
2020,5,273,6,0,279,130,409,130,2451,942,420,3813,1586,455,169,46,2,8,2,44,5,1185,7315,904,255,108,356,84,4266,5973,0,1,35003,"Consolidado com errata","01/05/2020","RJ"
2015,5,347,8,2,357,44,401,159,5416,916,643,6975,2451,559,525,83,3,1,5,147,0,1216,11965,1432,3256,951,1436,0,7759,14834,4,1,64230,"Consolidado com errata","01/05/2015","RJ"
2017,8,397,16,4,417,70,487,178,8815,2417,1628,12860,4613,843,649,111,2,1,6,79,4,2638,21806,1318,1754,757,1340,183,7768,13120,2,1,70380,"Consolidado com errata","01/08/2017","RJ"
2021,10,271,11,4,286,120,406,153,3122,1223,637,4982,1889,322,208,93,0,5,3,51,9,1102,8664,1206,753,364,1227,163,5419,9132,1,1,49252,"Consolidado com errata","01/10/2021","RJ"
2018,7,410,9,6,425,130,555,153,7488,2196,1312,10996,3518,731,503,94,1,1,6,58,12,2321,18241,1294,1653,649,1366,137,6580,11679,3,1,62689,"Consolidado com errata","01/07/2018","RJ"
2020,11,325,8,2,335,81,416,183,3763,1301,707,5771,2082,331,273,71,1,2,7,64,12,1294,9908,1052,837,395,1017,148,5402,8851,1,1,47940,"Consolidado com errata","01/11/2020","RJ"
2016,4,475,15,1,491,78,569,140,6774,1456,896,9126,3259,727,575,107,2,2,8,57,13,1635,15511,1438,2074,849,1391,171,7110,13033,3,1,63881,"Consolidado com errata","01/04/2016","RJ"
2017,6,390,18,2,410,97,507,172,8534,2336,1379,12249,4551,982,619,129,2,6,3,67,13,2544,21165,1383,1655,701,1435,151,7361,12686,1,1,67336,"Consolidado com errata","01/06/2017","RJ"
2017,9,458,12,2,472,106,578,176,7683,2215,1273,11171,4316,677,535,109,0,3,3,82,14,2555,19465,1281,1874,782,1756,183,7799,13675,1,2,67396,"Consolidado com errata","01/09/2017","RJ"
2016,5,369,16,4,389,84,473,145,7446,1447,1026,9919,3258,734,599,91,0,2,3,71,15,1729,16421,1541,2259,835,1322,197,7362,13516,5,1,65276,"Consolidado com errata","01/05/2016","RJ"
2020,8,261,12,2,275,51,326,162,3481,1252,659,5392,1791,415,243,42,2,5,4,74,15,1190,9173,1107,702,343,746,129,5755,8782,0,2,50348,"Consolidado com errata","01/08/2020","RJ"
2022,3,267,5,1,273,140,413,160,3531,1392,595,5518,2153,340,239,75,0,6,3,38,15,1090,9477,1575,1479,629,2676,330,8255,14944,1,1,69375,"Consolidado com errata","01/03/2022","RJ"
2018,6,375,11,6,392,155,547,195,7735,2247,1346,11328,4014,755,525,111,1,7,4,80,16,2654,19495,1278,1467,690,1229,156,6401,11221,1,1,62142,"Consolidado com errata","01/06/2018","RJ"
2022,6,227,8,2,237,79,316,127,3218,1383,695,5296,1876,281,231,67,3,6,5,43,16,964,8788,1371,1133,738,2139,222,7208,12811,1,1,61521,"Consolidado com errata","01/06/2022","RJ"
2018,1,468,23,6,497,157,654,164,7810,2044,1070,10924,5286,977,596,108,3,10,4,68,17,2935,20928,1264,2263,675,1425,139,7420,13186,5,1,67683,"Consolidado com errata","01/01/2018","RJ"
2018,10,383,11,2,396,127,523,153,7360,2477,1441,11278,4242,651,454,95,1,8,9,83,18,2308,19147,1428,1597,735,1368,206,7036,12370,1,1,65589,"Consolidado com errata","01/10/2018","RJ"
2020,12,283,8,3,294,84,378,192,3542,1272,712,5526,2300,459,324,75,0,4,6,68,24,1369,10155,1111,807,318,1018,157,5509,8920,1,1,47841,"Consolidado com errata","01/12/2020","RJ"
2024,9,226,8,7,241,43,284,201,2551,1912,726,5189,3094,339,137,42,0,1,5,27,33,844,9711,1503,989,636,3842,323,7905,15198,1,1,77484,"Consolidado com errata","01/09/2024","RJ"
2025,2,243,6,6,255,79,334,163,2545,2004,446,4995,2435,319,110,70,0,3,2,20,40,812,8806,1485,1462,635,3945,409,7741,15677,0,2,80306,"Consolidado sem errata","01/02/2025","RJ"
2025,4,205,6,6,217,80,297,170,2365,2186,344,4895,1579,205,156,51,0,3,3,11,34,725,7662,1274,1001,657,2939,388,8058,14317,0,0,75761,"Consolidado sem errata","01/04/2025","RJ"
2025,1,312,6,10,328,68,396,178,2848,2088,563,5499,2663,305,131,74,0,3,4,21,40,863,9603,1597,1357,607,3620,429,8390,16000,2,0,81562,"Consolidado sem errata","01/01/2025","RJ"
2025,3,270,7,9,286,58,344,182,3050,2479,332,5861,1483,216,141,60,0,2,3,10,44,679,8499,1363,1730,622,4612,463,8972,17762,1,0,84129,"Consolidado sem errata","01/03/2025","RJ"
2020,1,358,8,4,370,156,526,145,6194,2188,1181,9563,3246,577,414,74,1,5,6,99,29,1852,15866,1365,2118,582,1744,278,8562,14649,2,0,65718,"Consolidado com errata","01/01/2020","RJ"
2020,9,239,7,3,249,54,303,171,3567,1319,582,5468,1742,323,294,61,0,4,2,57,27,1146,9124,1065,698,379,823,132,5888,8985,0,0,48732,"Consolidado com errata","01/09/2020","RJ"
2021,1,368,12,3,383,148,531,175,4002,1410,1023,6435,2332,363,296,91,0,10,6,72,41,1412,11058,1183,850,355,1100,160,5704,9352,0,0,52352,"Consolidado com errata","01/01/2021","RJ"
2022,9,265,2,6,273,87,360,165,3183,1458,666,5307,2205,348,208,74,1,5,4,48,11,1083,9294,1396,1251,718,3466,241,7572,14644,0,0,65862,"Consolidado com errata","01/09/2022","RJ"
2023,10,251,3,2,256,44,300,167,2479,1427,447,4353,1935,202,150,84,1,5,3,22,30,969,7754,1394,1182,690,2933,356,7582,14137,1,0,68702,"Consolidado com errata","01/10/2023","RJ"
2024,2,238,9,5,252,55,307,178,2672,1681,371,4724,2036,160,122,68,1,6,1,18,22,905,8063,1452,1914,568,4034,276,8060,16304,0,0,74227,"Consolidado com errata","01/02/2024","RJ"
2024,10,234,13,5,252,58,310,198,2775,1932,627,5334,3402,378,145,64,0,6,5,21,39,1023,10417,1479,1140,681,2856,321,8222,14699,0,0,79921,"Consolidado com errata","01/10/2024","RJ"
2014,4,449,17,1,467,37,504,194,6777,554,657,7988,3073,371,758,120,3,5,9,142,0,1239,13708,1498,2612,939,1124,0,8229,14402,1,0,67358,"Consolidado com errata","01/04/2014","RJ"
2014,1,464,15,3,482,50,532,194,6625,473,662,7760,3206,489,774,126,6,4,9,121,0,1275,13770,1638,3268,938,1538,0,9880,17262,0,0,75403,"Consolidado com errata","01/01/2014","RJ"
2014,6,377,18,1,396,45,441,185,6716,616,565,7897,2635,386,649,104,0,2,6,88,0,1046,12813,1391,2952,782,1198,0,8738,15061,2,0,65397,"Consolidado com errata","01/06/2014","RJ"
2014,10,375,11,3,389,45,434,163,6741,793,649,8183,2289,545,499,82,4,4,6,120,0,1095,12827,1429,2606,991,1310,0,8199,14535,1,0,68540,"Consolidado com errata","01/10/2014","RJ"
2014,11,345,11,2,358,63,421,156,6248,820,609,7677,2413,602,524,97,2,2,6,117,0,1081,12521,1377,2660,894,1252,0,8024,14207,1,0,65986,"Consolidado com errata","01/11/2014","RJ"
2014,9,345,7,4,356,49,405,153,6478,759,533,7770,2270,481,512,76,1,6,2,114,0,885,12117,1341,2566,945,1302,0,7828,13982,1,0,67511,"Consolidado com errata","01/09/2014","RJ"
2014,5,444,8,3,455,53,508,161,7033,573,571,8177,3073,520,728,139,1,4,9,111,0,1168,13930,1510,2576,876,1153,0,8116,14231,2,0,66175,"Consolidado com errata","01/05/2014","RJ"
2014,3,510,10,5,525,46,571,214,7014,555,639,8208,2947,401,773,125,2,4,16,94,0,1141,13711,1640,4564,974,1577,0,9248,18003,5,0,72915,"Consolidado com errata","01/03/2014","RJ"
2014,7,370,14,4,388,57,445,156,7196,647,592,8435,2479,442,650,95,2,1,14,136,0,1110,13364,1456,3248,1023,1287,0,9338,16352,2,0,67615,"Consolidado com errata","01/07/2014","RJ"
2014,2,482,16,5,503,56,559,166,6555,461,621,7637,3025,418,728,140,4,5,14,123,0,1167,13261,1484,3274,940,1349,0,8809,15856,1,0,69434,"Consolidado com errata","01/02/2014","RJ"
2014,8,373,9,4,386,45,431,185,6715,748,505,7968,2411,448,546,104,3,2,5,110,0,916,12513,1493,2364,970,1184,0,7670,13681,2,0,65097,"Consolidado com errata","01/08/2014","RJ"
2014,12,408,16,6,430,38,468,153,6363,759,711,7833,2830,787,601,97,0,5,4,139,0,1164,13460,1426,2834,872,1259,0,8377,14768,0,0,67296,"Consolidado com errata","01/12/2014","RJ"
2015,3,382,15,1,398,54,452,144,6145,904,586,7635,2861,548,609,106,2,3,13,165,0,1277,13219,1521,3368,988,1534,0,8311,15722,3,0,69267,"Consolidado com errata","01/03/2015","RJ"
2015,4,339,21,4,364,59,423,142,5551,890,636,7077,2690,481,526,87,5,5,12,124,0,1140,12147,1321,2991,929,1383,0,7520,14144,2,0,63077,"Consolidado com errata","01/04/2015","RJ"
2015,2,326,10,8,344,83,427,134,6421,906,499,7826,2494,507,562,78,3,4,10,136,0,1253,12873,1334,4975,776,1854,0,8365,17304,1,0,65058,"Consolidado com errata","01/02/2015","RJ"
2015,1,439,11,1,451,65,516,166,6928,915,702,8545,2874,735,666,105,2,4,3,110,0,1323,14367,1593,3396,832,1451,0,9082,16354,3,0,71617,"Consolidado com errata","01/01/2015","RJ"
2017,2,503,26,4,533,85,618,170,2260,551,487,3298,4286,452,277,49,0,4,3,11,4,1330,9714,1310,663,167,527,39,3089,5795,1,0,31231,"Consolidado com errata","01/02/2017","RJ"
2018,2,441,21,5,467,102,569,129,7268,2154,1011,10433,4792,742,552,113,1,5,1,65,4,2976,19684,1159,2327,548,1578,116,6691,12419,2,0,61383,"Consolidado com errata","01/02/2018","RJ"
2017,11,455,16,6,477,125,602,155,6835,2032,1268,10135,4197,937,576,111,3,5,6,68,7,2698,18743,1300,1781,682,1462,160,6754,12139,3,0,63950,"Consolidado com errata","01/11/2017","RJ"
2019,5,345,15,2,362,172,534,145,7332,2427,1625,11384,3649,710,514,93,1,3,9,87,7,2216,18673,1480,1475,715,1423,220,7711,13024,0,0,68336,"Consolidado com errata","01/05/2019","RJ"
2016,11,461,18,8,487,94,581,142,8676,1880,1611,12167,4111,1102,663,136,2,9,8,44,8,1971,20221,1394,1943,770,1332,146,7407,12992,7,0,66725,"Consolidado com errata","01/11/2016","RJ"
2017,1,479,25,1,505,98,603,155,5133,1137,828,7098,4206,693,334,81,3,3,1,40,8,1754,14221,1357,1442,469,875,128,5803,10074,4,0,51390,"Consolidado com errata","01/01/2017","RJ"
2018,3,508,20,6,534,109,643,171,7638,2183,1385,11206,5358,918,638,115,2,5,9,52,8,2729,21040,1249,1623,743,1224,150,6557,11546,4,0,66035,"Consolidado com errata","01/03/2018","RJ"
2019,6,332,8,3,343,153,496,152,6077,2187,1287,9551,3115,599,382,85,1,4,19,83,9,1984,15832,1251,1443,630,1345,189,7224,12082,3,0,61202,"Consolidado com errata","01/06/2019","RJ"
2022,2,255,4,2,261,101,362,163,3102,1134,562,4798,1770,318,229,50,1,8,8,50,9,991,8232,1298,1243,606,2165,238,6646,12196,0,0,59922,"Consolidado com errata","01/02/2022","RJ"
2017,12,445,14,4,463,85,548,192,6395,1976,1151,9522,4491,1153,501,110,3,7,3,76,10,2536,18412,1213,1805,655,1241,160,6886,11960,4,0,62715,"Consolidado com errata","01/12/2017","RJ"
2022,4,270,2,2,274,89,363,145,3412,1314,546,5272,1966,322,197,66,0,3,3,39,10,1016,8894,1442,1583,620,2662,289,7435,14031,1,0,63544,"Consolidado com errata","01/04/2022","RJ"
2022,12,247,3,1,251,98,349,160,3028,1367,517,4912,2242,490,220,90,0,3,7,52,10,1203,9229,1413,1132,667,2537,243,7552,13544,2,0,65435,"Consolidado com errata","01/12/2022","RJ"
2022,7,297,5,2,304,141,445,182,3375,1482,541,5398,2014,273,186,63,1,4,5,46,10,1043,9043,1397,1268,665,2500,303,7585,13718,2,0,65196,"Consolidado com errata","01/07/2022","RJ"
2023,2,305,4,4,313,98,411,137,2733,1102,376,4211,1578,306,138,63,0,3,5,27,10,787,7128,1297,2002,508,3475,259,6864,14405,2,0,63730,"Consolidado com errata","01/02/2023","RJ"
2018,8,360,13,6,379,176,555,157,7261,2170,1400,10831,3910,673,535,109,2,2,4,62,12,2620,18760,1398,1553,733,1302,162,6944,12092,2,0,65797,"Consolidado com errata","01/08/2018","RJ"
2020,2,326,10,2,338,164,502,153,5692,2065,1298,9055,2925,418,382,61,2,7,4,81,12,1555,14502,1182,2133,568,2270,231,7328,13712,1,0,62850,"Consolidado com errata","01/02/2020","RJ"
2021,12,240,6,2,248,57,305,167,2940,1044,639,4623,1712,413,236,81,2,9,3,51,12,1008,8150,1309,1175,568,1956,225,7040,12273,2,0,60110,"Consolidado com errata","01/12/2021","RJ"
2022,11,261,9,2,272,114,386,165,3085,1295,490,4870,2536,450,200,70,0,7,7,35,12,1147,9334,1465,1225,639,2480,218,7080,13107,3,0,62300,"Consolidado com errata","01/11/2022","RJ"
2023,5,298,12,1,311,66,377,186,2578,1322,472,4372,2380,358,192,91,0,8,2,28,12,1087,8530,1451,1137,782,2443,349,7656,13818,0,0,70787,"Consolidado com errata","01/05/2023","RJ"
2024,1,254,8,2,264,60,324,147,2647,1504,456,4607,1865,205,144,57,1,1,2,21,12,939,7854,1441,1528,641,3158,250,8569,15587,0,0,76817,"Consolidado com errata","01/01/2024","RJ"
2016,12,464,29,6,499,108,607,183,7632,1796,1395,10823,4186,1329,552,107,2,5,5,71,13,2065,19158,1363,1999,758,1243,166,7989,13518,4,0,67282,"Consolidado com errata","01/12/2016","RJ"
2016,8,387,14,4,405,74,479,159,8032,1754,1173,10959,3041,759,642,103,1,2,7,67,13,1623,17217,1241,2509,956,1582,161,9502,15951,7,0,69548,"Consolidado com errata","01/08/2016","RJ"
2017,5,425,20,1,446,97,543,188,9669,2548,1616,13833,4596,1240,669,124,1,12,7,53,13,2655,23203,1302,1866,813,1410,243,8359,13993,1,0,71895,"Consolidado com errata","01/05/2017","RJ"
2018,12,346,13,5,364,88,452,191,6459,2144,1183,9786,3812,788,434,108,1,4,16,73,13,2168,17203,1353,1772,620,1377,168,6893,12183,1,0,62043,"Consolidado com errata","01/12/2018","RJ"
2018,4,476,14,2,492,101,593,176,7596,2101,1352,11049,4656,892,665,104,1,5,8,67,13,2517,19977,1346,1596,748,1146,149,6522,11507,1,0,64527,"Consolidado com errata","01/04/2018","RJ"
2019,11,320,14,3,337,137,474,191,5442,2025,1103,8570,2979,521,356,63,0,3,8,105,13,1718,14336,1161,1528,630,1483,233,6979,12014,0,0,60902,"Consolidado com errata","01/11/2019","RJ"
2020,7,257,7,4,268,52,320,165,3848,1345,846,6039,1817,544,228,77,0,6,16,72,13,1362,10174,1061,582,257,630,103,5852,8485,1,0,51242,"Consolidado com errata","01/07/2020","RJ"
2020,4,312,5,5,322,179,501,133,2533,984,489,4006,1846,337,169,56,2,4,1,53,13,1406,7893,922,283,105,305,106,4001,5722,1,0,32814,"Consolidado com errata","01/04/2020","RJ"
2023,3,343,7,5,355,122,477,170,2897,1251,487,4635,2309,485,158,97,0,5,3,43,13,978,8726,1648,1341,650,2484,329,7698,14150,2,0,74212,"Consolidado com errata","01/03/2023","RJ"
2023,4,281,6,5,292,91,383,150,2486,1125,386,3997,2237,397,164,76,0,4,4,39,13,924,7855,1445,1054,614,2206,285,6953,12557,2,0,64184,"Consolidado com errata","01/04/2023","RJ"
2016,2,404,22,6,432,49,481,139,7753,1376,813,9942,3056,621,579,114,3,2,4,64,14,1754,16153,1456,4047,829,1804,168,8255,16559,0,0,68785,"Consolidado com errata","01/02/2016","RJ"
2017,10,486,17,7,510,98,608,181,7450,2243,1194,10887,4266,901,625,104,1,3,5,63,14,2570,19439,1321,1578,750,1536,147,7710,13042,1,0,68003,"Consolidado com errata","01/10/2017","RJ"
2017,4,436,22,1,459,80,539,184,8543,2520,1591,12654,4891,1032,652,127,1,6,7,60,14,3484,22928,1289,1575,573,1281,204,7789,12711,7,0,67962,"Consolidado com errata","01/04/2017","RJ"
2018,5,423,13,2,438,145,583,158,8034,2294,1501,11829,4382,752,631,105,2,7,7,94,14,2783,20606,1361,1610,783,1173,181,7008,12116,3,0,66922,"Consolidado com errata","01/05/2018","RJ"
2019,2,323,8,5,336,145,481,157,7000,2111,1356,10467,3554,645,411,116,4,1,14,60,14,2124,17410,1344,1889,685,1613,158,7315,13004,4,0,64967,"Consolidado com errata","01/02/2019","RJ"
2021,5,266,7,3,276,112,388,165,3517,1238,858,5613,2002,390,309,71,2,7,11,68,14,1284,9771,1186,749,406,919,158,5495,8913,0,0,49919,"Consolidado com errata","01/05/2021","RJ"
2021,8,259,12,1,272,114,386,146,3469,1182,776,5427,2120,394,281,82,2,12,5,62,14,1185,9584,1252,872,498,1284,151,5524,9581,1,0,52580,"Consolidado com errata","01/08/2021","RJ"
2022,8,215,6,4,225,140,365,180,3381,1460,526,5367,2046,361,216,77,0,5,12,37,14,1064,9199,1392,1242,768,2411,251,7625,13689,1,0,68627,"Consolidado com errata","01/08/2022","RJ"
2024,3,279,8,4,291,42,333,157,2547,1671,387,4605,2391,221,135,63,0,4,2,24,14,1049,8508,1551,1188,670,2689,283,8229,14610,1,0,76028,"Consolidado com errata","01/03/2024","RJ"
2020,6,259,2,2,263,34,297,143,2849,951,580,4380,1743,404,199,38,0,5,8,49,15,1079,7920,954,331,172,371,80,4797,6705,3,0,41912,"Consolidado com errata","01/06/2020","RJ"
2020,10,277,5,2,284,145,429,175,3971,1277,768,6016,1898,357,290,49,0,0,6,52,15,1240,9923,1058,813,431,1005,157,5866,9330,2,0,50772,"Consolidado com errata","01/10/2020","RJ"
2021,11,233,15,3,251,82,333,157,3162,1141,558,4861,1616,360,233,87,1,8,7,39,15,1010,8237,1328,1021,516,1679,197,5946,10687,1,0,52675,"Consolidado com errata","01/11/2021","RJ"
2021,6,234,2,7,243,97,340,144,3319,1240,892,5451,1899,387,274,81,2,9,3,72,15,1273,9466,1124,740,456,1058,153,5714,9245,0,0,49980,"Consolidado com errata","01/06/2021","RJ"
2021,4,305,7,5,317,143,460,156,3302,1116,967,5385,2105,395,303,103,0,5,4,53,15,1308,9676,1141,611,393,795,151,5217,8308,0,0,47796,"Consolidado com errata","01/04/2021","RJ"
2023,7,212,5,3,220,82,302,182,2363,1226,459,4048,1165,131,144,65,0,2,3,29,15,856,6458,1198,1126,661,2465,286,7320,13056,0,0,63493,"Consolidado com errata","01/07/2023","RJ"
2018,11,378,12,3,393,136,529,153,7017,2346,1384,10747,4074,725,441,84,5,3,6,79,16,2363,18543,1325,1560,737,1357,176,6963,12118,1,0,63281,"Consolidado com errata","01/11/2018","RJ"
2018,9,382,14,7,403,108,511,157,6756,2182,1275,10213,4053,578,463,103,1,1,9,160,16,2385,17982,1339,1419,655,1173,161,6686,11433,4,0,62376,"Consolidado com errata","01/09/2018","RJ"
2019,7,313,13,5,331,195,526,150,6636,2226,1208,10070,3197,691,385,72,1,0,12,97,16,2113,16654,1353,1570,746,1391,230,7632,12922,0,0,65817,"Consolidado com errata","01/07/2019","RJ"
2019,3,344,11,5,360,132,492,160,7734,2626,1532,11892,3775,638,497,95,1,4,5,88,16,2547,19558,1364,2757,634,1889,202,8549,15395,2,0,72100,"Consolidado com errata","01/03/2019","RJ"
2022,10,289,11,4,304,101,405,164,3069,1462,553,5084,2448,397,187,62,0,4,2,35,16,1123,9358,1408,1212,666,2709,224,7336,13555,4,0,65802,"Consolidado com errata","01/10/2022","RJ"
2023,1,260,7,4,271,104,375,158,2920,1230,501,4651,1813,312,175,73,0,7,6,49,16,945,8047,1409,1515,629,2747,260,7753,14313,0,0,67884,"Consolidado com errata","01/01/2023","RJ"
2023,12,280,4,3,287,53,340,203,2275,1358,417,4050,1671,243,147,80,1,2,3,29,16,821,7063,1346,1306,662,2633,289,7968,14204,0,0,70682,"Consolidado com errata","01/12/2023","RJ"
2023,9,287,5,6,298,37,335,161,2406,1298,492,4196,1708,177,136,69,1,1,3,26,16,826,7159,1380,1240,723,2833,260,7319,13755,1,0,66441,"Consolidado com errata","01/09/2023","RJ"
2015,8,336,11,2,349,49,398,154,4825,1109,628,6562,2322,486,530,100,0,2,5,93,17,1173,11290,1390,2840,860,1632,170,7255,14147,0,0,63173,"Consolidado com errata","01/08/2015","RJ"
2015,11,340,5,5,350,47,397,156,5410,1167,651,7228,2611,684,591,115,2,4,4,114,17,1189,12559,1455,2771,845,1552,149,7184,13956,2,0,63006,"Consolidado com errata","01/11/2015","RJ"
2015,12,382,11,3,396,29,425,152,5640,1103,727,7470,3136,920,612,122,3,1,7,94,17,1436,13818,1377,3049,988,1533,154,8058,15159,3,0,67080,"Consolidado com errata","01/12/2015","RJ"
2016,7,368,15,8,391,74,465,144,7834,1681,1144,10659,3105,700,631,100,1,8,5,68,17,1539,16833,1300,2117,811,1370,148,7535,13281,3,0,66294,"Consolidado com errata","01/07/2016","RJ"
2016,3,445,18,2,465,61,526,111,7455,1448,909,9812,3392,636,599,97,3,10,11,85,17,1532,16194,1409,2466,919,1514,173,7691,14172,4,0,68196,"Consolidado com errata","01/03/2016","RJ"
2019,12,330,5,8,343,124,467,189,5076,1830,1029,7935,3118,609,368,88,7,1,11,116,17,1773,14043,1230,1564,584,1420,224,7199,12221,1,0,59808,"Consolidado com errata","01/12/2019","RJ"
2019,8,320,6,1,327,173,500,162,6452,2244,1194,9890,3181,587,432,103,1,1,9,98,17,1796,16115,1361,1568,674,1534,185,7280,12602,2,0,65285,"Consolidado com errata","01/08/2019","RJ"
2021,3,314,8,7,329,158,487,154,3912,1363,1047,6322,2365,397,347,91,0,10,8,76,17,1601,11234,1141,781,389,968,184,6010,9473,2,0,54306,"Consolidado com errata","01/03/2021","RJ"
2016,10,465,30,7,502,87,589,171,8957,1947,1526,12430,4181,944,645,110,3,3,8,60,18,1823,20225,1367,2058,839,1422,183,7834,13703,2,0,70271,"Consolidado com errata","01/10/2016","RJ"
2019,10,321,4,4,329,146,475,186,6301,2207,1111,9619,3028,582,364,95,0,7,9,87,18,1739,15548,1198,1541,701,1892,239,7584,13155,3,0,65855,"Consolidado com errata","01/10/2019","RJ"
2020,3,374,9,2,385,115,500,130,4400,1541,984,6925,2449,365,308,71,0,7,5,93,18,1720,11961,1114,1210,394,1139,180,6752,10789,2,0,49816,"Consolidado com errata","01/03/2020","RJ"
2022,5,212,4,1,217,140,357,156,3341,1232,586,5159,2078,289,194,65,0,7,5,36,18,1016,8867,1388,1221,782,2315,277,7893,13876,1,0,65785,"Consolidado com errata","01/05/2022","RJ"
2023,8,245,4,2,251,37,288,153,2633,1408,583,4624,1428,154,130,67,0,5,5,38,18,834,7303,1312,1261,767,2918,290,7618,14166,0,0,68618,"Consolidado com errata","01/08/2023","RJ"
2023,11,280,6,4,290,47,337,178,2454,1481,352,4287,2214,222,136,80,0,2,5,38,18,947,7949,1364,1481,677,3466,308,8004,15300,1,0,72196,"Consolidado com errata","01/11/2023","RJ"
2023,6,251,2,2,255,90,345,165,2372,1268,509,4149,1810,237,164,74,0,3,5,27,18,939,7426,1333,1093,669,2309,250,7128,12782,2,0,64055,"Consolidado com errata","01/06/2023","RJ"
2015,10,380,10,2,392,52,444,150,5076,1073,719,6868,2500,661,514,109,1,3,3,106,19,1202,11986,1388,2734,896,1738,201,7237,14194,0,0,64029,"Consolidado com errata","01/10/2015","RJ"
2016,6,373,25,5,403,75,478,122,8000,1617,1114,10731,3310,698,517,120,3,3,5,44,19,1662,17112,1454,2212,831,1299,160,6778,12734,1,0,64330,"Consolidado com errata","01/06/2016","RJ"
2017,7,374,23,1,398,63,461,186,8567,2468,1552,12587,4951,908,636,105,3,3,8,59,19,2569,21848,1206,1634,720,1418,168,7329,12475,5,0,67937,"Consolidado com errata","01/07/2017","RJ"
2019,1,386,15,2,403,159,562,157,7454,2414,1328,11196,3785,740,431,116,2,7,6,88,19,2365,18755,1415,2058,720,1581,168,7992,13934,2,0,69609,"Consolidado com errata","01/01/2019","RJ"
2021,9,267,12,2,281,77,358,149,3469,1173,672,5314,1998,391,236,76,0,9,3,43,19,1146,9235,1181,827,440,1191,159,5543,9341,0,0,51265,"Consolidado com errata","01/09/2021","RJ"
2019,9,310,7,6,323,154,477,158,5794,2067,996,8857,2613,467,363,80,0,2,9,80,20,1445,13936,1194,1341,598,1454,211,6839,11637,4,0,59844,"Consolidado com errata","01/09/2019","RJ"
2021,7,250,6,2,258,100,358,151,3639,1325,846,5810,2123,360,263,74,1,7,4,45,20,1224,9931,1219,872,462,1136,152,5424,9265,0,0,51304,"Consolidado com errata","01/07/2021","RJ"
2015,9,351,6,0,357,58,415,141,4760,1195,793,6748,2417,536,561,91,2,2,8,125,21,1151,11662,1419,3138,889,2072,187,7776,15481,2,0,63327,"Consolidado com errata","01/09/2015","RJ"
2016,9,425,19,3,447,88,535,153,8050,1805,1310,11165,3439,892,668,110,2,4,2,67,21,1693,18063,1281,2078,898,1554,193,7863,13867,1,0,67474,"Consolidado com errata","01/09/2016","RJ"
2016,1,406,18,2,426,53,479,174,7209,1342,814,9365,3358,732,618,123,2,1,6,79,23,1366,15673,1515,3513,957,1741,147,8039,15912,1,0,67980,"Consolidado com errata","01/01/2016","RJ"
2019,4,360,11,1,372,124,496,172,7031,2424,1585,11040,3755,667,502,124,2,4,10,82,23,2245,18454,1244,1519,607,1318,211,7633,12532,1,0,67797,"Consolidado com errata","01/04/2019","RJ"
2015,7,306,9,2,317,61,378,146,4844,964,602,6410,2425,542,595,96,1,3,8,98,24,1167,11369,1381,2856,852,1488,220,7484,14281,2,0,63135,"Consolidado com errata","01/07/2015","RJ"
2024,11,253,11,5,269,47,316,173,2473,1833,453,4759,3376,435,131,71,0,2,2,24,24,865,9689,1357,1010,625,2908,353,7721,13974,0,0,74585,"Consolidado com errata","01/11/2024","RJ"
2017,3,498,28,6,532,123,655,175,6109,1937,1306,9352,5002,781,527,98,3,7,4,32,26,3661,19493,1428,1536,472,1346,158,8680,13620,1,0,60412,"Consolidado com errata","01/03/2017","RJ"
2021,2,246,12,4,262,148,410,158,3963,1336,973,6272,2171,351,325,80,0,10,7,53,26,1342,10637,1158,735,366,1023,140,5630,9052,2,0,49018,"Consolidado com errata","01/02/2021","RJ"
2022,1,254,5,5,264,100,364,127,3343,1214,554,5111,1864,360,207,59,1,8,3,47,26,992,8678,1319,1148,552,1956,241,6758,11974,1,0,60526,"Consolidado com errata","01/01/2022","RJ"
2024,7,208,7,4,219,79,298,176,2555,1849,526,4930,2252,237,104,42,0,5,3,27,28,741,8369,1360,1050,589,2671,306,8115,14091,3,0,75378,"Consolidado com errata","01/07/2024","RJ"
2024,6,226,6,10,242,71,313,224,2375,1808,537,4720,2237,226,131,62,0,2,6,21,28,892,8325,1374,999,541,2625,328,8184,14051,2,0,75288,"Consolidado com errata","01/06/2024","RJ"
2024,4,228,5,4,237,55,292,200,2611,1701,423,4735,2069,197,145,73,0,2,6,22,32,979,8260,1516,1202,627,2900,377,8707,15329,1,0,77855,"Consolidado com errata","01/04/2024","RJ"
2024,12,307,10,13,330,40,370,205,2558,1895,476,4929,2909,487,135,78,0,2,6,25,32,908,9511,1360,1129,597,3447,378,8044,14955,0,0,76987,"Consolidado com errata","01/12/2024","RJ"
2024,5,259,8,6,273,84,357,217,2522,1822,522,4866,2466,225,122,62,0,2,4,19,33,1028,8827,1532,1303,617,3470,349,8624,15895,3,0,79511,"Consolidado com errata","01/05/2024","RJ"
2024,8,226,6,4,236,69,305,179,2584,1808,731,5123,2833,327,100,55,1,4,2,18,44,878,9385,1412,992,668,2797,323,8644,14836,0,0,78652,"Consolidado com errata","01/08/2024","RJ"
