ano,mes,taxa_homicidio_doloso,taxa_latrocinio,taxa_lesao_corporal_morte,taxa_crimes_violentos_letais_intencionais,taxa_homicidio_intervencao_policial,taxa_letalidade_violenta,taxa_homicidio_culposo,taxa_roubo_transeunte,taxa_roubo_celular,taxa_roubo_corporal_coletivo,taxa_roubo_rua,taxa_roubo_veiculo,taxa_roubo_carga,taxa_roubo_comercio,taxa_roubo_residencia,taxa_roubo_banco,taxa_roubo_caixa_eletronico,taxa_roubo_conducao_saque,taxa_roubo_apos_saque,taxa_roubo_bicicleta,taxa_outros_roubos,taxa_total_roubos,taxa_furto_veiculos,taxa_furto_transeunte,taxa_furto_coletivo,taxa_furto_celular,taxa_furto_bicicleta,taxa_outros_furtos,taxa_total_furtos,taxa_policial_militar_morto_servico,taxa_policial_civil_morto_servico,taxa_registro_ocorrencia,data_referencia,UF
2003,10,329,11,1,341,89,43,126,981,86,232,2074,7788,244,379,96,0,1,18,163,,1878,6673,1046,464,21,434,,4561,6526,,,30443,"01/10/2003","RJ"
2003,3,417,11,3,432,77,508,128,1046,668,465,2179,8599,211,436,121,5,1,22,129,,1696,679,1248,642,37,44,,5104,7471,,,30913,"01/03/2003","RJ"
2003,7,355,11,5,372,67,439,132,94,686,287,1912,739,218,514,117,3,0,15,187,,1691,637,1124,491,24,386,,4442,6468,,,30092,"01/07/2003","RJ"
2004,1,389,8,3,4,52,452,126,932,878,216,2026,7633,197,31,114,1,3,18,154,,1934,6556,1176,544,23,534,,4664,694,,,30493,"01/01/2004","RJ"
2004,3,356,11,1,368,55,423,125,1029,937,307,2273,7873,261,367,121,3,0,13,19,,1984,7082,1142,501,32,541,,4957,7173,,,32014,"01/03/2004","RJ"
2004,8,347,9,4,36,6,42,159,1296,532,379,2208,6971,203,303,89,1,0,1,146,,102,564,1035,5,151,599,,4133,6418,,,31312,"01/08/2004","RJ"
2004,7,337,1,1,348,46,394,154,1175,713,391,228,7989,245,381,108,3,0,13,161,,122,6311,1079,517,118,521,,406,6294,,,30054,"01/07/2004","RJ"
2004,5,407,12,3,423,69,492,136,1138,939,258,2336,8626,323,378,1,3,0,7,152,,129,6647,1194,453,4,49,,4512,6689,,,31153,"01/05/2004","RJ"
2005,3,452,17,1,47,62,532,165,1904,366,537,2807,8352,293,307,111,1,7,13,115,,1073,675,1199,624,225,855,,4378,7282,,,33226,"01/03/2005","RJ"
2005,12,305,12,3,321,51,371,158,2205,371,497,3073,693,326,257,108,0,4,11,89,,528,6112,1188,977,281,921,,3728,7095,,,32588,"01/12/2005","RJ"
2005,9,351,8,3,362,73,435,148,2008,371,506,2885,7068,225,242,96,0,5,12,84,,535,582,1135,665,226,823,,3268,6118,,,31043,"01/09/2005","RJ"
2005,8,371,12,4,386,78,465,131,2145,462,516,3123,661,264,268,122,1,5,12,101,,941,6456,1131,717,287,903,,4499,7536,,,33284,"01/08/2005","RJ"
2005,4,348,1,2,36,44,404,157,1787,39,564,274,8313,236,29,88,2,1,13,105,,1058,6552,1169,605,23,786,,409,688,,,32448,"01/04/2005","RJ"
2005,10,331,1,3,344,69,413,156,2261,422,507,3191,7424,205,266,91,0,4,7,92,,54,6224,1172,77,251,96,,3442,6595,,,33001,"01/10/2005","RJ"
2005,6,322,11,3,337,77,413,162,1993,412,545,2951,683,262,279,95,1,7,1,98,,903,6272,1187,684,232,79,,4177,7071,,,32446,"01/06/2005","RJ"
2006,2,342,13,3,357,46,403,119,2195,348,477,302,7484,253,286,101,3,3,7,67,,611,6213,1186,135,237,989,,3721,7483,,,32776,"01/02/2006","RJ"
2006,10,359,8,1,369,57,426,128,2733,443,59,3766,7526,257,238,98,1,7,1,109,,931,7332,1302,979,317,1091,,4687,8376,,,33821,"01/10/2006","RJ"
2006,11,343,1,5,358,57,415,148,27,418,563,3681,7323,276,268,89,3,5,1,119,,885,7203,1193,1027,325,107,,476,8374,,,32936,"01/11/2006","RJ"
2006,8,307,9,4,32,81,401,158,2583,492,577,3651,6868,255,248,105,2,4,14,117,,537,667,1267,1061,327,1178,,4028,7861,,,34258,"01/08/2006","RJ"
2006,3,398,15,4,417,6,477,157,2293,373,504,317,8109,242,278,97,3,2,14,93,,543,6464,1204,935,234,93,,3874,7177,,,33445,"01/03/2006","RJ"
2006,4,379,2,2,401,66,467,139,2624,454,613,3692,8111,243,307,105,2,6,6,99,,645,7132,1239,926,288,1008,,3803,7263,,,32889,"01/04/2006","RJ"
2006,1,315,8,3,326,43,369,139,2245,368,543,3157,7033,226,222,95,2,5,7,74,,56,6094,1204,959,244,1076,,39,7384,,,33783,"01/01/2006","RJ"
2007,1,342,5,5,351,76,427,118,2773,394,545,3713,7189,269,214,85,1,3,11,103,,873,7117,1276,1205,267,1196,,4805,8749,,,33458,"01/01/2007","RJ"
2007,6,288,11,2,301,7,371,156,3285,419,562,4266,6298,243,261,86,1,1,7,124,,796,7432,115,1223,393,887,,4508,8161,,,33291,"01/06/2007","RJ"
2007,5,302,11,2,315,89,403,157,3386,444,621,4451,6915,254,28,91,2,1,8,138,,84,7866,1179,1284,415,1066,,4721,8664,,,34656,"01/05/2007","RJ"
2007,11,34,11,2,353,71,424,129,3366,374,491,4232,6022,247,239,84,1,4,5,122,,743,7286,1163,1249,375,903,,4745,8434,,,33304,"01/11/2007","RJ"
2007,3,415,14,5,434,72,506,151,3152,447,646,4245,8398,328,254,103,3,2,7,112,,1002,8227,1238,1168,33,1005,,4929,867,,,36949,"01/03/2007","RJ"
2007,9,288,1,1,299,81,38,193,3352,45,538,434,5781,211,228,79,1,2,14,128,,789,7324,118,1207,357,958,,4609,8311,,,33966,"01/09/2007","RJ"
2007,10,313,15,1,329,73,401,166,3528,434,545,4508,5959,209,255,97,2,5,6,138,,809,7615,1171,1362,39,1009,,4903,8835,,,35637,"01/10/2007","RJ"
2007,12,358,15,4,376,51,428,176,3442,394,521,4358,6011,249,255,84,1,1,1,103,,857,7533,1082,153,41,1028,,4774,8826,,,3429,"01/12/2007","RJ"
2008,3,338,13,1,353,9,443,165,3449,448,589,4487,5661,176,27,83,2,3,12,118,,742,7432,1183,1241,412,1021,,4814,8671,,,35209,"01/03/2008","RJ"
2008,2,324,13,3,341,7,411,117,352,437,537,4494,5687,153,268,8,1,4,1,1,,811,7462,1127,1832,388,1136,,488,9364,,,33825,"01/02/2008","RJ"
2008,8,275,11,6,292,19,312,162,3578,458,501,4537,5288,151,242,82,6,3,11,159,,839,7503,121,1432,435,1104,,4774,8955,,,34887,"01/08/2008","RJ"
2008,4,304,8,3,315,94,41,141,3549,404,592,4544,5116,172,244,63,1,4,6,119,,74,7291,1132,1199,387,1051,,479,8559,,,34021,"01/04/2008","RJ"
2008,10,355,15,1,371,47,418,149,3943,578,588,5109,5971,177,289,9,1,4,9,12,,845,8321,1168,1509,431,1247,,5098,9452,,,37622,"01/10/2008","RJ"
2009,10,264,13,1,278,59,337,11,3309,442,426,4178,3765,118,25,92,2,3,8,94,,582,6435,106,1538,437,1111,,4513,8658,,,33762,"01/10/2009","RJ"
2009,8,273,8,2,282,47,33,128,3511,418,471,4399,4177,144,249,73,3,1,8,97,,7,6893,1073,1436,439,1107,,4642,8698,,,34448,"01/08/2009","RJ"
2009,1,35,8,1,36,6,42,12,3906,456,527,489,5769,135,249,79,3,4,8,101,,735,784,1137,1522,401,1265,,5011,9335,,,35829,"01/01/2009","RJ"
2009,2,353,12,3,368,48,415,13,3988,419,5,4907,5285,119,242,86,2,3,8,11,,796,7777,1074,2058,405,1107,,471,9354,,,35006,"01/02/2009","RJ"
2009,6,278,7,4,289,68,356,13,3972,485,508,4964,4306,14,259,9,4,5,8,113,,682,7511,1037,1311,437,1136,,4645,8566,,,34434,"01/06/2009","RJ"
2010,12,26,7,1,268,34,302,156,2831,276,386,3493,2935,179,231,77,2,1,7,107,,52,5539,861,1864,568,1194,,4771,9258,,,3589,"01/12/2010","RJ"
2010,6,217,8,4,229,46,276,116,3184,384,419,3987,349,133,227,76,1,1,8,78,,561,6136,993,1572,511,1156,,4703,8935,,,33789,"01/06/2010","RJ"
2010,7,203,8,2,212,36,248,129,3219,369,491,4078,3403,131,233,64,1,3,6,88,,538,6184,974,1512,447,1158,,4765,8857,,,34844,"01/07/2010","RJ"
2010,10,253,1,4,268,44,312,137,3287,379,478,4144,3193,106,267,77,1,2,2,96,,577,6262,964,1486,537,1074,,4731,8793,,,3518,"01/10/2010","RJ"
2010,2,297,4,2,303,39,342,124,337,343,366,4079,3653,139,219,73,1,1,4,77,,63,6316,1049,2574,446,1248,,4964,1028,,,35386,"01/02/2010","RJ"
2010,4,271,7,1,279,64,343,136,3502,36,449,4311,3702,114,264,71,1,1,4,81,,621,6587,10,142,495,1109,,4631,8656,,,33669,"01/04/2010","RJ"
2010,5,226,7,4,238,68,306,13,3604,408,433,4445,3402,135,276,83,1,2,5,92,,604,6676,1047,1654,544,1217,,5048,9511,,,36398,"01/05/2010","RJ"
2011,3,237,6,4,246,42,288,151,324,32,386,3946,3016,14,249,8,3,0,4,101,,554,6037,841,2872,534,1376,,5125,10748,,,38868,"01/03/2011","RJ"
2011,8,23,7,1,238,11,249,14,2931,284,333,3548,3116,157,22,51,3,1,7,118,,53,5653,775,1638,571,111,,4788,8883,,,37037,"01/08/2011","RJ"
2011,12,213,8,2,223,12,236,136,2576,187,259,3022,2995,217,22,67,2,1,2,92,,557,5179,759,183,498,944,,5025,9057,,,36862,"01/12/2011","RJ"
2011,6,19,11,1,203,38,241,112,2746,276,311,3333,2764,153,23,6,1,1,4,116,,484,5275,771,1634,549,1144,,4669,8767,,,34847,"01/06/2011","RJ"
2011,5,228,6,2,236,46,282,136,2877,308,347,3532,2825,169,253,55,3,0,5,107,,503,5533,843,1668,582,1274,,5082,9449,,,36813,"01/05/2011","RJ"
2011,2,229,4,1,234,24,259,116,2949,321,366,3636,2925,146,282,5,2,1,5,115,,519,5682,763,1946,529,1257,,4945,9441,,,3597,"01/02/2011","RJ"
2012,11,2,5,1,206,23,229,127,2395,192,222,2809,3018,177,245,59,1,1,2,93,,549,4997,837,1446,469,868,,4992,8611,,,34725,"01/11/2012","RJ"
2012,10,193,11,0,204,19,223,138,2477,215,215,2907,3093,194,258,55,1,1,6,96,,509,5109,85,1541,555,983,,5125,9053,,,38141,"01/10/2012","RJ"
2012,1,203,7,1,212,23,236,125,2532,224,258,3013,3008,185,237,64,2,1,2,95,,601,521,857,1985,53,994,,5025,939,,,36209,"01/01/2012","RJ"
2012,6,196,6,2,204,12,216,129,2495,219,261,2975,3135,177,275,63,1,3,3,74,,541,5186,78,1466,52,901,,4853,852,,,35357,"01/06/2012","RJ"
2012,12,242,5,2,249,16,265,147,2375,185,225,2785,3281,215,252,64,1,3,5,89,,537,5111,836,1744,516,902,,5313,9311,,,37914,"01/12/2012","RJ"
2013,4,255,6,5,266,23,289,89,302,245,254,3519,3726,178,321,8,2,7,4,12,,599,6167,866,1473,567,831,,5186,8922,,,38972,"01/04/2013","RJ"
2013,9,231,1,2,243,25,268,15,3111,349,386,3846,396,172,359,64,1,4,9,95,,58,6585,963,1761,541,1168,,5226,9658,,,40179,"01/09/2013","RJ"
2013,3,252,7,1,259,23,282,1,2936,224,283,3443,3866,161,327,85,0,1,9,79,,606,6092,924,1421,535,881,,5328,9089,,,39611,"01/03/2013","RJ"
2013,5,263,5,1,269,25,294,107,3177,286,336,38,3628,188,404,8,1,1,1,121,,629,6543,874,1515,565,866,,5136,8955,,,39723,"01/05/2013","RJ"
2013,6,221,1,2,234,16,249,119,2885,304,302,3491,3785,14,392,67,2,2,9,109,,58,6162,875,159,532,869,,4973,8839,,,38457,"01/06/2013","RJ"
2013,12,281,1,3,294,26,321,119,3454,266,319,4038,4737,256,403,71,1,1,7,74,,675,729,913,1638,55,786,,4991,8878,,,39987,"01/12/2013","RJ"
2013,10,23,7,2,239,23,262,112,3374,323,353,405,4366,18,333,73,1,2,5,103,,672,7029,969,1622,57,913,,5318,9392,,,41501,"01/10/2013","RJ"
2013,8,249,1,2,261,16,277,133,3256,327,383,3966,4218,177,372,78,1,2,5,97,,637,6877,946,162,57,882,,4945,8964,,,39719,"01/08/2013","RJ"
2013,7,184,7,1,192,22,214,108,3033,287,32,3639,3765,156,382,86,2,2,7,98,,604,6346,917,1989,579,944,,5399,9827,,,39697,"01/07/2013","RJ"
2003,5,408,14,4,425,65,491,155,106,73,451,2241,9262,235,485,128,2,1,18,186,,1951,7401,1228,553,39,377,,4891,7087,,,31015,"01/05/2003","RJ"
2003,9,345,11,3,358,69,427,123,1013,81,254,2077,7298,183,385,127,1,1,18,161,,1879,653,1039,469,23,442,,4539,6511,,,29979,"01/09/2003","RJ"
2003,1,401,14,4,419,61,48,111,971,658,448,2077,9587,243,401,117,3,1,12,143,,1809,7008,1321,669,33,517,,4595,7136,,,3049,"01/01/2003","RJ"
2003,8,337,7,3,346,63,41,126,1004,701,235,194,7309,206,392,11,1,0,12,152,,1746,6258,1071,489,28,36,,4273,6221,,,28635,"01/08/2003","RJ"
2003,11,356,8,2,366,51,416,117,972,761,246,1979,6984,22,352,104,1,0,9,157,,1697,6156,1051,51,26,44,,439,6417,,,29649,"01/11/2003","RJ"
2003,6,372,1,1,382,59,441,161,97,655,367,1993,7835,212,438,95,3,0,21,167,,1692,645,1045,535,24,329,,4329,6263,,,30005,"01/06/2003","RJ"
2003,12,372,8,1,382,48,43,162,1067,768,204,2039,7642,277,366,123,3,1,13,189,,1832,6643,1002,622,15,409,,4679,6728,,,30832,"01/12/2003","RJ"
2004,4,346,14,1,361,46,406,147,1272,67,306,2248,8185,284,361,101,2,1,12,147,,1576,6679,1155,46,43,48,,4405,6544,,,30219,"01/04/2004","RJ"
2004,10,347,9,4,36,76,436,139,1508,258,503,2269,7621,271,314,94,4,3,6,13,,833,5749,1069,523,18,564,,408,6415,,,30932,"01/10/2004","RJ"
2004,6,338,9,1,347,5,398,128,1072,922,295,229,784,282,355,102,1,1,7,17,,1242,6326,1088,513,44,537,,4413,6595,,,30167,"01/06/2004","RJ"
2004,11,379,12,3,393,6,453,128,1516,29,476,2282,7321,284,344,118,2,1,9,151,,862,581,1015,506,211,514,,4339,6584,,,30893,"01/11/2004","RJ"
2004,12,362,5,1,368,43,411,172,1606,253,464,2323,7115,381,332,108,3,2,2,176,,815,5872,1007,647,22,56,,4427,6861,,,31518,"01/12/2004","RJ"
2004,2,364,11,3,378,44,421,12,963,724,272,196,6521,188,316,11,1,2,11,17,,1803,6103,1064,547,34,484,,4615,6745,,,28497,"01/02/2004","RJ"
2004,9,337,14,1,353,57,41,158,137,316,473,216,7268,234,363,81,1,0,3,11,,768,5458,994,467,198,584,,3977,6221,,,30914,"01/09/2004","RJ"
2005,1,403,13,4,419,48,467,146,1608,292,431,2331,7552,267,284,103,1,3,17,11,,865,5802,116,657,187,712,,45,7216,,,31368,"01/01/2005","RJ"
2005,5,371,13,4,387,61,449,18,20,412,59,3002,8147,237,307,98,1,2,17,108,,1029,6784,1274,678,255,812,,4185,7204,,,33031,"01/05/2005","RJ"
2005,2,41,8,3,421,39,46,122,1681,272,407,236,7157,279,288,97,4,3,13,103,,891,5767,1008,734,182,655,,4202,6781,,,29269,"01/02/2005","RJ"
2005,7,383,15,3,401,59,46,179,2007,403,556,2965,6593,232,296,109,1,5,13,84,,909,6225,1192,656,241,802,,4032,6923,,,30709,"01/07/2005","RJ"
2006,7,312,1,3,325,57,383,151,2545,458,603,3607,6804,223,244,1,4,0,14,119,,52,6545,1333,1066,3,1136,,3864,7699,,,33156,"01/07/2006","RJ"
2006,6,31,7,5,322,67,388,124,2491,474,583,3548,7122,222,26,88,3,0,7,92,,56,6571,1257,948,279,1072,,359,7147,,,31892,"01/06/2006","RJ"
2006,12,367,15,3,384,53,437,161,2621,393,54,3554,6856,287,254,82,1,2,8,107,,829,6878,1129,1214,347,1179,,4709,8576,,,33058,"01/12/2006","RJ"
2006,9,34,12,2,354,49,403,144,255,451,561,3562,7395,242,236,96,0,5,12,112,,521,666,1183,941,327,1063,,3567,7081,,,32185,"01/09/2006","RJ"
2006,5,358,9,3,37,58,428,15,2684,528,615,3828,8406,257,309,111,5,3,12,109,,542,7285,1292,968,341,1195,,3794,7589,,,3378,"01/05/2006","RJ"
2007,2,315,7,2,324,58,383,12,2726,348,494,3569,6497,201,205,84,1,4,5,93,,87,6703,1208,1541,278,104,,4566,8632,,,32118,"01/02/2007","RJ"
2007,7,295,6,2,304,52,356,189,2929,364,507,38,5629,218,261,85,1,2,7,138,,754,6745,1091,1222,364,875,,443,7982,,,32689,"01/07/2007","RJ"
2007,8,338,9,2,349,82,431,172,3391,413,589,4393,6043,221,25,94,1,3,1,136,,803,7504,116,127,396,944,,4628,8398,,,3452,"01/08/2007","RJ"
2007,4,371,1,2,382,85,467,162,3115,424,567,4105,6957,242,28,106,1,2,8,94,,824,7467,111,1138,327,898,,4436,7908,,,33398,"01/04/2007","RJ"
2008,1,346,7,3,356,7,426,129,3631,44,532,4603,5941,226,242,78,3,4,11,106,,873,775,1166,1608,38,1174,,5009,9337,,,35555,"01/01/2008","RJ"
2008,7,264,13,3,28,4,32,149,3783,445,47,4697,5088,165,256,64,4,1,6,105,,812,7522,1096,1485,424,1119,,4932,9055,,,34928,"01/07/2008","RJ"
2008,5,264,14,1,279,94,373,16,3652,416,548,4615,5257,193,264,73,3,1,1,126,,722,7449,114,135,433,1157,,4935,9016,,,34223,"01/05/2008","RJ"
2008,6,257,12,3,272,67,339,141,3549,466,493,4508,4874,144,26,75,1,3,12,99,,761,7206,1138,1296,431,1112,,4868,8845,,,33635,"01/06/2008","RJ"
2008,9,278,16,3,296,4,336,137,3589,509,508,4606,5259,144,251,85,5,2,6,136,,779,7488,1131,1369,408,1192,,4775,8874,,,34921,"01/09/2008","RJ"
2008,12,323,1,1,334,45,379,146,3727,45,489,4666,5263,191,278,94,3,3,9,117,,737,7584,1134,1488,454,1177,,488,9132,,,34954,"01/12/2008","RJ"
2008,11,329,15,1,345,52,397,165,3535,458,497,4491,5042,136,264,86,2,1,7,124,,734,7264,1206,1335,397,1083,,475,877,,,34883,"01/11/2008","RJ"
2009,3,373,19,3,395,65,461,152,4243,496,588,5326,5697,15,295,99,2,2,11,115,,915,8543,1161,1572,484,1201,,5055,9473,,,38981,"01/03/2009","RJ"
2009,7,251,11,2,264,55,319,104,3834,479,466,4779,4314,13,282,82,3,2,7,118,,68,7335,1049,1376,479,1141,,4784,8828,,,34901,"01/07/2009","RJ"
2009,12,3,16,6,322,47,368,118,3304,391,373,4068,388,169,242,94,1,1,6,96,,653,6483,1085,1675,479,1131,,4973,9343,,,3472,"01/12/2009","RJ"
2009,4,344,17,2,363,65,427,12,4038,451,488,4976,5109,143,285,85,3,4,6,121,,729,7818,1115,1354,436,1061,,4637,8603,,,3518,"01/04/2009","RJ"
2009,5,331,9,0,339,51,39,123,4121,506,494,5121,5149,149,265,86,0,8,11,121,,721,7964,1063,1495,469,1115,,4999,9142,,,36474,"01/05/2009","RJ"
2009,11,276,8,3,287,48,335,138,3363,401,394,4157,3598,141,241,91,2,1,5,116,,586,6405,993,1532,465,121,,4647,8847,,,35289,"01/11/2009","RJ"
2009,9,273,11,2,287,52,338,128,338,434,417,423,3722,137,268,93,2,2,9,95,,57,6496,1022,1415,471,1208,,4738,8854,,,34666,"01/09/2009","RJ"
2010,1,281,12,4,297,48,345,101,3329,391,357,4078,4104,147,235,77,1,3,6,87,,652,6509,1059,1647,443,1112,,5081,9342,,,35564,"01/01/2010","RJ"
2010,9,225,13,1,239,21,26,132,3249,369,419,4037,3006,132,257,84,3,3,2,94,,529,6072,88,1531,534,113,,4586,866,,,34346,"01/09/2010","RJ"
2010,3,309,11,3,322,51,373,117,3791,435,499,4725,4259,144,277,93,1,2,9,91,,691,7314,1076,1723,547,1227,,5187,976,,,37622,"01/03/2010","RJ"
2010,11,227,4,1,232,64,296,114,3071,323,403,3797,2822,166,211,67,1,2,4,86,,5,5714,822,1455,542,1068,,4513,84,,,33955,"01/11/2010","RJ"
2010,8,215,8,5,228,19,246,111,3231,34,435,4005,3164,115,226,75,1,1,6,101,,52,6025,1018,1491,546,1173,,476,8988,,,35395,"01/08/2010","RJ"
2011,9,2,5,2,208,14,222,145,2806,252,338,3397,3073,15,213,56,2,2,9,99,,57,5507,79,163,591,1006,,4769,8787,,,3508,"01/09/2011","RJ"
2011,7,205,4,1,21,23,233,136,2831,299,331,3461,3062,137,244,56,2,0,8,109,,51,5524,785,1606,557,1071,,4555,8573,,,34878,"01/07/2011","RJ"
2011,4,25,4,4,258,42,3,115,2909,307,371,3588,2898,148,257,65,1,1,8,11,,564,5668,803,1601,529,12,,5048,918,,,3643,"01/04/2011","RJ"
2011,1,265,6,3,273,38,311,111,297,314,383,3668,3093,144,255,57,2,1,2,86,,538,5729,886,1757,475,1268,,496,9346,,,36011,"01/01/2011","RJ"
2011,10,197,7,1,205,12,217,132,2563,246,317,3125,318,159,244,71,1,1,4,89,,544,5287,875,1482,571,993,,4631,8552,,,35061,"01/10/2011","RJ"
2012,7,184,9,3,196,3,226,14,2565,251,232,3048,3017,163,296,6,1,1,5,87,,511,5213,82,1525,527,961,,5193,9027,,,37771,"01/07/2012","RJ"
2012,8,181,7,1,188,27,215,135,2488,228,212,2929,3109,202,26,62,1,2,4,103,,566,5206,806,1571,547,1014,,513,9067,,,37509,"01/08/2012","RJ"
2012,3,243,1,1,255,23,279,104,27,251,296,3247,3701,215,296,91,0,1,4,108,,616,5829,884,1743,574,103,,5253,9484,,,38406,"01/03/2012","RJ"
2012,2,244,9,1,254,22,276,108,2801,234,283,3318,3638,178,282,67,2,1,4,9,,593,576,845,3317,537,1162,,5178,11039,,,37871,"01/02/2012","RJ"
2012,4,211,4,1,217,28,244,118,2645,23,259,3134,3756,184,272,75,1,1,7,89,,567,5604,871,1549,535,956,,4956,8867,,,35961,"01/04/2012","RJ"
2012,5,213,6,1,22,25,245,125,2884,253,305,3443,3702,211,281,91,1,1,7,96,,574,5967,847,1616,639,1063,,5424,9589,,,38331,"01/05/2012","RJ"
2013,11,252,8,1,262,19,28,115,3265,288,33,3884,4352,188,371,77,1,2,7,87,,671,6902,879,1533,512,837,,483,859,,,389,"01/11/2013","RJ"
2013,2,238,4,2,245,18,262,105,2868,228,258,3354,3285,158,277,72,1,4,6,83,,501,5627,807,2908,494,1059,,5495,10762,,,39345,"01/02/2013","RJ"
2013,1,244,7,1,252,18,269,107,267,213,248,3132,3362,206,3,77,0,2,5,95,,496,5507,867,2142,473,935,,5467,9884,,,37723,"01/01/2013","RJ"
2003,4,398,1,7,415,85,5,141,1041,685,425,2151,87,206,478,115,7,0,25,158,,1799,6957,1153,531,39,368,,4994,7085,,,30072,"01/04/2003","RJ"
2003,2,397,8,3,408,76,483,128,1043,655,47,2169,9349,302,49,116,8,0,14,159,,1824,7238,1179,584,36,441,,4795,7035,,,30905,"01/02/2003","RJ"
2011,11,21,6,1,217,2,238,127,2523,23,271,3024,2976,186,22,57,0,1,3,98,,537,5113,782,1475,514,986,,4648,8405,,,34077,"01/11/2011","RJ"
2012,9,204,8,0,212,9,221,111,2186,207,214,2607,3096,152,258,64,1,3,7,79,,512,4762,789,1374,484,885,,4657,819,,,3469,"01/09/2012","RJ"
2005,11,325,11,6,342,62,404,134,2211,389,512,3112,,226,232,99,1,2,9,9,,519,6119,126,83,266,857,,3483,6696,,,31373,"01/11/2005","RJ"
2014,4,273,1,1,284,23,307,118,4123,337,4,4859,4942,226,461,73,2,3,5,86,0,754,8339,911,1589,571,684,0,5006,8761,211,0,40976,"01/04/2014","RJ"
2014,7,225,9,2,236,35,27,95,4371,393,36,5124,3935,269,395,58,1,1,9,83,0,674,8118,885,1973,621,782,0,5673,9934,422,0,41075,"01/07/2014","RJ"
2014,10,228,7,2,236,27,263,99,409,481,394,4964,3583,331,303,5,2,2,4,73,0,664,7782,867,1581,601,795,0,4974,8818,211,0,41581,"01/10/2014","RJ"
2014,9,209,4,2,216,3,246,93,3932,461,324,4716,357,292,311,46,1,4,1,69,0,537,7354,814,1557,574,79,0,4751,8486,211,0,40975,"01/09/2014","RJ"
2014,5,27,5,2,277,32,309,98,4276,348,347,4972,4918,316,443,85,1,2,5,67,0,71,847,918,1566,533,701,0,4935,8653,422,0,40237,"01/05/2014","RJ"
2014,11,209,7,1,217,38,255,95,3789,497,369,4655,376,365,318,59,1,1,4,71,0,656,7593,835,1613,542,759,0,4866,8615,211,0,40014,"01/11/2014","RJ"
2014,1,283,9,2,294,3,324,118,4036,288,403,4727,5223,298,472,77,4,2,5,74,0,777,8389,998,1991,571,937,0,6019,10516,0,0,45935,"01/01/2014","RJ"
2014,12,247,1,4,261,23,284,93,3857,46,431,4748,4389,477,364,59,0,3,2,84,0,706,8158,864,1718,529,763,0,5078,8951,0,0,4079,"01/12/2014","RJ"
2014,2,293,1,3,306,34,34,101,3991,281,378,465,4905,255,443,85,2,3,9,75,0,711,8075,904,1994,572,821,0,5364,9655,211,0,42279,"01/02/2014","RJ"
2014,6,229,11,1,241,27,268,112,4082,374,343,4799,4201,235,394,63,0,1,4,53,0,636,7787,845,1794,475,728,0,5311,9153,422,0,39746,"01/06/2014","RJ"
2014,8,226,5,2,234,27,262,112,4077,454,307,4838,381,272,332,63,2,1,3,67,0,556,7598,907,1435,589,719,0,4657,8307,422,0,39528,"01/08/2014","RJ"
2015,8,203,7,1,211,3,24,93,2914,67,379,3963,3502,294,32,6,0,1,3,56,1,708,6819,84,1715,519,986,103,4382,8544,0,0,38154,"01/08/2015","RJ"
2015,11,205,3,3,211,28,239,94,3263,704,393,436,3902,413,356,69,1,2,2,69,1,717,7575,878,1671,51,936,9,4333,8418,414,0,38004,"01/11/2015","RJ"
2015,12,23,7,2,239,17,256,92,34,665,438,4504,4672,555,369,74,2,1,4,57,1,866,8331,83,1838,596,924,93,4858,914,621,0,40444,"01/12/2015","RJ"
2015,7,185,5,1,192,37,228,88,2927,582,364,3873,367,327,36,58,1,2,5,59,15,705,6869,834,1726,515,899,133,4522,8629,414,0,38148,"01/07/2015","RJ"
2015,3,231,9,1,241,33,274,87,372,547,355,4622,4388,332,369,64,1,2,8,1,0,773,8002,921,2039,598,929,0,5031,9517,621,0,41928,"01/03/2015","RJ"
2015,2,197,6,5,208,5,259,81,3888,549,302,4739,3839,307,34,47,2,2,6,82,0,759,7796,808,3013,47,1123,0,5066,10479,207,0,39398,"01/02/2015","RJ"
2015,10,229,6,1,237,31,268,91,3063,647,434,4144,3747,399,31,66,1,2,2,64,11,725,7233,838,165,541,1049,121,4367,8565,0,0,38638,"01/10/2015","RJ"
2016,1,245,11,1,257,32,289,105,4345,809,491,5644,4991,441,372,74,1,1,4,48,14,823,9445,913,2117,577,1049,89,4845,9589,217,0,40969,"01/01/2016","RJ"
2016,2,243,13,4,26,3,29,84,467,829,49,5989,4531,374,349,69,2,1,2,39,8,1057,9731,877,2438,499,1087,101,4973,9975,0,0,41436,"01/02/2016","RJ"
2016,6,224,15,3,242,45,287,73,4811,972,67,6453,486,42,311,72,2,2,3,26,11,999,1029,874,133,5,781,96,4076,7658,217,0,38685,"01/06/2016","RJ"
2016,3,268,11,1,28,37,317,67,4489,872,547,5908,5016,383,361,58,2,6,7,51,1,922,9751,848,1485,553,912,104,4631,8533,868,0,41063,"01/03/2016","RJ"
2016,8,233,8,2,243,44,288,96,4826,1054,705,6585,4444,456,386,62,1,1,4,4,8,975,10345,746,1508,574,951,97,5709,9584,1519,0,41788,"01/08/2016","RJ"
2017,2,301,16,2,319,51,37,102,1355,33,292,1977,6195,271,166,29,0,2,2,7,2,797,5822,785,397,1,316,23,1851,3473,215,0,18719,"01/02/2017","RJ"
2017,1,287,15,1,303,59,362,93,3078,682,496,4256,6088,416,2,49,2,2,1,24,5,1052,8527,814,865,281,525,77,348,604,858,0,30814,"01/01/2017","RJ"
2017,11,27,9,4,283,74,357,92,4053,1205,752,6009,5966,556,342,66,2,3,4,4,4,16,11113,771,1056,404,867,95,4005,7197,644,0,37917,"01/11/2017","RJ"
2017,7,224,14,1,238,38,276,111,5124,1476,928,7529,7089,543,38,63,2,2,5,35,11,1537,13068,721,977,431,848,1,4384,7462,1073,0,40635,"01/07/2017","RJ"
2017,12,263,8,2,274,5,324,114,3783,1169,681,5633,6371,682,296,65,2,4,2,45,6,15,10893,718,1068,388,734,95,4074,7076,858,0,37104,"01/12/2017","RJ"
2017,10,289,1,4,303,58,361,108,4427,1333,709,6469,6075,535,371,62,1,2,3,37,8,1527,11551,785,938,446,913,87,4581,775,215,0,40408,"01/10/2017","RJ"
2018,4,279,8,1,289,59,348,103,4455,1232,793,648,6554,523,39,61,1,3,5,39,8,1476,11717,789,936,439,672,87,3825,6749,222,0,37846,"01/04/2018","RJ"
2018,5,248,8,1,256,85,341,92,4702,1343,878,6923,6155,44,369,61,1,4,4,55,8,1629,1206,797,942,458,687,106,4101,7091,667,0,39167,"01/05/2018","RJ"
2018,8,21,8,3,221,103,323,91,4229,1264,815,6309,5457,392,312,63,1,1,2,36,7,1526,10927,814,905,427,758,94,4045,7043,445,0,38324,"01/08/2018","RJ"
2018,2,26,12,3,275,6,335,76,4281,1269,596,6146,6775,437,325,67,1,3,1,38,2,1753,11595,683,1371,323,93,68,3941,7316,445,0,36158,"01/02/2018","RJ"
2018,9,222,8,4,235,63,297,91,3933,127,742,5946,5645,336,27,6,1,1,5,93,9,1388,10468,78,826,381,683,94,3892,6656,89,0,36313,"01/09/2018","RJ"
2018,3,299,12,4,314,64,378,101,449,1283,814,6587,7558,54,375,68,1,3,5,31,5,1604,12367,734,954,437,719,88,3854,6787,89,0,38815,"01/03/2018","RJ"
2019,10,186,2,2,19,84,275,108,3644,1276,643,5563,4086,337,211,55,0,4,5,5,1,1006,8992,693,891,405,1094,138,4386,7608,678,0,38088,"01/10/2019","RJ"
2019,2,188,5,3,195,84,279,91,4065,1226,787,6078,4896,375,239,67,2,1,8,35,8,1233,1011,78,1097,398,937,92,4248,7551,904,0,37725,"01/02/2019","RJ"
2019,1,224,9,1,234,92,327,91,4331,1402,772,6505,5224,43,25,67,1,4,3,51,11,1374,10896,822,1196,418,919,98,4643,8095,452,0,40441,"01/01/2019","RJ"
2019,6,192,5,2,199,89,287,88,3522,1267,746,5535,4249,347,221,49,1,2,11,48,5,115,9175,725,836,365,779,11,4186,7002,678,0,35467,"01/06/2019","RJ"
2019,7,181,8,3,192,113,305,87,3844,1289,7,5833,4348,4,223,42,1,0,7,56,9,1224,9646,784,909,432,806,133,4421,7485,0,0,38122,"01/07/2019","RJ"
2019,5,2,9,1,21,1,31,84,4251,1407,942,66,499,412,298,54,1,2,5,5,4,1285,10827,858,855,415,825,128,4471,7551,0,0,39621,"01/05/2019","RJ"
2019,9,179,4,3,187,89,276,91,3353,1196,576,5125,3535,27,21,46,0,1,5,46,12,836,8064,691,776,346,841,122,3957,6734,904,0,34628,"01/09/2019","RJ"
2019,8,185,3,1,189,1,289,94,3735,1299,691,5726,4314,34,25,6,1,1,5,57,1,104,9329,788,908,39,888,107,4215,7296,452,0,37795,"01/08/2019","RJ"
2019,4,209,6,1,216,72,288,1,4079,1406,919,6404,515,387,291,72,1,2,6,48,13,1302,10705,722,881,352,765,122,4428,727,226,0,39328,"01/04/2019","RJ"
2019,11,185,8,2,195,79,274,11,3146,1171,638,4954,401,301,206,36,0,2,5,61,8,993,8287,671,883,364,857,135,4034,6945,0,0,35206,"01/11/2019","RJ"
2019,3,2,6,3,209,77,286,93,4489,1524,889,6902,519,37,288,55,1,2,3,51,9,1478,11351,792,16,368,1096,117,4962,8935,452,0,41846,"01/03/2019","RJ"
2020,10,16,3,1,164,84,247,101,229,736,443,3469,2513,206,167,28,0,0,3,3,9,715,5722,61,469,249,58,91,3383,538,453,0,29277,"01/10/2020","RJ"
2020,4,18,3,3,186,103,289,77,1461,567,282,231,2463,194,97,32,1,2,1,31,7,811,4552,532,163,61,176,61,2307,33,226,0,18923,"01/04/2020","RJ"
2020,7,148,4,2,154,3,184,95,2216,774,487,3477,2422,313,131,44,0,3,9,41,7,784,5859,611,335,148,363,59,337,4886,226,0,29507,"01/07/2020","RJ"
2020,6,149,1,1,152,2,171,82,1641,548,334,2523,2325,233,115,22,0,3,5,28,9,622,4563,55,191,99,214,46,2764,3863,679,0,24146,"01/06/2020","RJ"
2020,2,188,6,1,195,95,29,88,3286,1192,749,5227,391,241,221,35,1,4,2,47,7,898,8371,682,1231,328,131,133,423,7915,226,0,36279,"01/02/2020","RJ"
2020,3,216,5,1,222,66,288,75,2539,889,568,3995,3269,211,178,41,0,4,3,54,1,992,6901,643,698,227,657,104,3896,6225,453,0,28741,"01/03/2020","RJ"
2020,1,207,5,2,214,9,304,84,3577,1264,682,5523,4348,333,239,43,1,3,3,57,17,107,9163,788,1223,336,1007,161,4945,846,453,0,37953,"01/01/2020","RJ"
2021,6,135,1,4,141,56,197,83,1921,718,516,3155,2468,224,159,47,1,5,2,42,9,737,5479,651,428,264,612,89,3307,5351,0,0,28927,"01/06/2021","RJ"
2021,7,145,3,1,149,58,207,87,2107,767,49,3364,2752,208,152,43,1,4,2,26,12,709,575,706,505,268,658,88,3141,5365,0,0,29707,"01/07/2021","RJ"
2021,11,134,9,2,144,47,191,9,1814,655,32,2789,2079,207,134,5,1,5,4,22,9,579,4725,762,586,296,963,113,3411,6131,188,0,30219,"01/11/2021","RJ"
2021,1,212,7,2,221,85,307,101,2311,814,591,3716,3065,21,171,53,0,6,3,42,24,815,6385,683,491,205,635,92,3294,54,0,0,3023,"01/01/2021","RJ"
2021,12,138,3,1,142,33,175,96,1687,599,367,2653,2199,237,135,46,1,5,2,29,7,579,4678,751,674,326,1123,129,4041,7044,375,0,34501,"01/12/2021","RJ"
2021,9,153,7,1,161,44,205,85,1988,672,385,3046,258,224,135,44,0,5,2,25,11,657,5293,677,474,252,683,91,3177,5354,0,0,29383,"01/09/2021","RJ"
2021,8,148,7,1,156,65,221,84,1987,677,445,3109,2742,226,161,47,1,7,3,36,8,679,5491,717,5,285,736,87,3165,5489,188,0,30123,"01/08/2021","RJ"
2021,4,176,4,3,183,83,266,9,1909,645,559,3114,2749,228,175,6,0,3,2,31,9,756,5595,66,353,227,46,87,3017,4804,0,0,27637,"01/04/2021","RJ"
2021,2,142,7,2,151,85,237,91,2289,772,562,3623,285,203,188,46,0,6,4,31,15,775,6145,669,425,211,591,81,3252,5229,375,0,28318,"01/02/2021","RJ"
2022,11,15,5,1,157,66,222,95,1776,746,282,2804,3192,259,115,4,0,4,4,2,7,66,5375,844,705,368,1428,126,4077,7547,689,0,35874,"01/11/2022","RJ"
2022,2,146,2,1,15,58,208,94,1782,651,323,2756,2266,183,132,29,1,5,5,29,5,569,4729,746,714,348,1244,137,3818,7007,0,0,34425,"01/02/2022","RJ"
2022,5,122,2,1,125,81,205,9,1922,709,337,2968,2647,166,112,37,0,4,3,21,1,584,5101,799,702,45,1332,159,4541,7983,23,0,37846,"01/05/2022","RJ"
2022,8,124,3,2,13,81,21,104,1947,841,303,309,259,208,124,44,0,3,7,21,8,613,5297,802,715,442,1388,145,4391,7883,23,0,39518,"01/08/2022","RJ"
2022,10,166,6,2,175,58,233,94,1767,842,318,2928,3087,229,108,36,0,2,1,2,9,647,5389,811,698,384,156,129,4224,7805,919,0,37891,"01/10/2022","RJ"
2022,1,146,3,3,152,57,209,73,192,697,318,2935,239,207,119,34,1,5,2,27,15,57,4983,757,659,317,1123,138,3881,6876,23,0,34756,"01/01/2022","RJ"
2022,9,153,1,3,157,5,207,95,1833,84,384,3056,2785,2,12,43,1,3,2,28,6,624,5352,804,72,413,1996,139,436,8432,0,0,37925,"01/09/2022","RJ"
2022,7,171,3,1,175,81,256,105,1943,853,312,3108,2555,157,107,36,1,2,3,26,6,601,5207,804,73,383,144,174,4368,7899,459,0,37542,"01/07/2022","RJ"
2022,4,155,1,1,158,51,209,83,1962,756,314,3032,2509,185,113,38,0,2,2,22,6,584,5114,829,91,357,1531,166,4275,8068,23,0,3654,"01/04/2022","RJ"
2022,12,142,2,1,145,56,201,92,1744,787,298,2828,2817,282,127,52,0,2,4,3,6,693,5314,814,652,384,1461,14,4349,7799,459,0,3768,"01/12/2022","RJ"
2023,10,145,2,1,147,25,173,96,1427,822,257,2507,2374,116,86,48,1,3,2,13,17,558,4465,803,681,397,1689,205,4366,8141,229,0,39561,"01/10/2023","RJ"
2023,1,149,4,2,156,6,215,91,1677,706,288,2671,2274,179,1,42,0,4,3,28,9,543,4621,809,87,361,1577,149,4452,8219,0,0,38981,"01/01/2023","RJ"
2023,2,175,2,2,18,56,236,79,157,633,216,2419,1975,176,79,36,0,2,3,16,6,452,4095,745,115,292,1996,149,3943,8276,457,0,36612,"01/02/2023","RJ"
2023,6,144,1,1,147,52,199,95,1365,73,293,2388,2243,136,94,43,0,2,3,16,1,54,4274,767,629,385,1329,144,4103,7357,457,0,36868,"01/06/2023","RJ"
2023,3,197,4,3,204,7,274,98,1665,719,28,2664,2884,279,91,56,0,3,2,25,7,562,5015,947,771,374,1428,189,4425,8133,457,0,42654,"01/03/2023","RJ"
2023,11,161,3,2,167,27,194,102,1413,853,203,2469,2711,128,78,46,0,1,3,22,1,545,4577,785,853,39,1996,177,4609,881,229,0,41573,"01/11/2023","RJ"
2023,12,161,2,2,165,31,196,117,131,782,24,2332,2041,14,85,46,1,1,2,17,9,473,4067,775,752,381,1516,166,4588,8179,0,0,40701,"01/12/2023","RJ"
2023,4,162,3,3,168,52,22,86,143,647,222,2298,2789,228,94,44,0,2,2,22,7,531,4517,831,606,353,1269,164,3998,7221,457,0,36908,"01/04/2023","RJ"
2023,9,165,3,3,172,21,193,93,1385,747,283,2416,21,102,78,4,1,1,2,15,9,476,4122,795,714,416,1631,15,4215,7921,229,0,38259,"01/09/2023","RJ"
2023,5,171,7,1,179,38,217,107,1483,761,272,2515,2957,206,11,52,0,5,1,16,7,625,4907,835,654,45,1405,201,4404,7949,0,0,40723,"01/05/2023","RJ"
2023,7,122,3,2,127,47,174,105,1361,706,264,2331,144,75,83,37,0,1,2,17,9,493,3719,69,648,381,1419,165,4215,7518,0,0,36561,"01/07/2023","RJ"
2023,8,141,2,1,145,21,166,88,1516,811,336,2663,176,89,75,39,0,3,3,22,1,48,4205,755,726,442,168,167,4387,8157,0,0,39512,"01/08/2023","RJ"
2024,6,13,3,6,139,41,18,129,1367,1041,309,2717,269,13,75,36,0,1,3,12,16,513,4792,791,575,311,1511,189,471,8087,461,0,43333,"01/06/2024","RJ"
2024,5,149,5,3,157,48,205,125,1451,1048,3,2799,2973,129,7,36,0,1,2,11,19,591,5078,881,75,355,1996,201,4961,9144,692,0,45742,"01/05/2024","RJ"
2024,7,12,4,2,126,45,172,101,1471,1065,303,2839,27,136,6,24,0,3,2,16,16,427,4819,783,605,339,1538,176,4673,8114,692,0,43405,"01/07/2024","RJ"
2024,1,146,5,1,152,34,186,84,152,864,262,2645,2273,118,83,33,1,1,1,12,7,539,451,827,877,368,1813,144,4921,895,0,0,4411,"01/01/2024","RJ"
2024,4,131,3,2,136,32,168,115,1501,978,243,2723,2502,113,83,42,0,1,3,13,18,563,475,872,691,361,1668,217,5007,8815,231,0,44769,"01/04/2024","RJ"
2024,8,13,3,2,136,4,176,103,1488,1041,421,295,3388,188,58,32,1,2,1,1,25,506,5404,813,571,385,1611,186,4977,8543,0,0,4529,"01/08/2024","RJ"
2024,12,175,6,7,188,23,211,116,1474,1091,276,2842,3445,28,78,45,0,1,3,14,18,523,5481,783,65,344,1985,218,4632,8611,0,0,44332,"01/12/2024","RJ"
2024,2,137,5,3,145,32,176,102,1535,966,213,2714,2476,92,7,39,1,3,1,1,13,52,4632,834,11,326,2318,159,463,9367,0,0,42643,"01/02/2024","RJ"
2024,10,132,7,3,143,32,174,109,1599,1115,374,3088,4047,218,83,37,0,3,3,12,22,587,6013,852,656,392,1645,185,4734,8464,0,0,46022,"01/10/2024","RJ"
2014,3,31,6,3,32,28,348,13,4269,338,389,4996,476,244,47,76,1,2,1,57,0,694,8345,998,2778,593,96,0,5628,10957,1055,0,44377,"01/03/2014","RJ"
2015,4,205,13,2,22,36,256,86,3359,538,385,4282,4112,291,318,53,3,3,7,75,0,69,7349,799,181,562,837,0,455,8558,414,0,38164,"01/04/2015","RJ"
2015,1,266,7,1,273,39,313,101,4197,554,425,5177,4437,445,403,64,1,2,2,67,0,802,8704,965,2057,504,879,0,5502,9908,621,0,43389,"01/01/2015","RJ"
2015,9,212,4,0,216,35,251,85,2874,721,479,4074,3634,324,339,55,1,1,5,75,13,695,704,857,1894,537,1251,113,4694,9346,414,0,38231,"01/09/2015","RJ"
2016,7,221,9,5,235,44,28,87,4709,101,688,6407,4548,421,379,6,1,5,3,41,1,925,10118,781,1273,487,824,89,4529,7983,651,0,3985,"01/07/2016","RJ"
2016,12,278,17,4,299,65,364,11,4578,1077,837,6492,607,797,331,64,1,3,3,43,8,1239,11492,818,1199,455,746,1,4792,8109,868,0,4036,"01/12/2016","RJ"
2016,11,277,11,5,292,56,349,85,5207,1128,967,7302,5971,661,398,82,1,5,5,26,5,1183,12135,837,1166,462,799,88,4445,7797,1519,0,40042,"01/11/2016","RJ"
2016,9,255,11,2,268,53,321,92,4835,1084,787,6706,5015,536,401,66,1,2,1,4,13,1017,10849,769,1248,539,933,116,4723,8329,217,0,40525,"01/09/2016","RJ"
2017,5,254,12,1,267,58,325,113,5788,1525,967,8281,6605,742,4,74,1,7,4,32,8,1589,1389,779,1117,487,844,145,5004,8376,215,0,43038,"01/05/2017","RJ"
2018,12,201,8,3,212,51,263,111,3754,1246,688,5688,5274,458,252,63,1,2,9,42,8,126,100,786,103,36,8,98,4007,7082,222,0,36064,"01/12/2018","RJ"
2018,11,22,7,2,229,79,308,89,4081,1364,805,625,5649,422,256,49,3,2,3,46,9,1374,10784,771,907,429,789,102,4049,7047,222,0,36802,"01/11/2018","RJ"
2019,12,191,3,5,198,72,27,109,2933,1057,595,4585,4187,352,213,51,4,1,6,67,1,1024,8114,711,904,337,82,129,416,7061,226,0,34557,"01/12/2019","RJ"
2020,9,138,4,2,144,31,175,99,2056,76,335,3152,2312,186,169,35,0,2,1,33,16,661,5259,614,402,218,474,76,3394,5179,0,0,28087,"01/09/2020","RJ"
2021,5,154,4,2,16,65,224,95,2035,716,496,3247,2608,226,179,41,1,4,6,39,8,743,5653,686,433,235,532,91,3179,5156,0,0,28878,"01/05/2021","RJ"
2021,3,181,5,4,19,91,281,89,2261,788,605,3654,3096,229,201,53,0,6,5,44,1,925,6493,659,451,225,559,106,3474,5475,375,0,31387,"01/03/2021","RJ"
2024,3,16,5,2,167,24,191,9,1464,96,222,2647,29,127,78,36,0,2,1,14,8,603,489,891,683,385,1546,163,473,8397,231,0,43698,"01/03/2024","RJ"
2017,3,298,17,4,319,74,392,105,366,116,782,5603,7215,468,316,59,2,4,2,19,16,2193,11679,856,92,283,806,95,52,816,215,0,36194,"01/03/2017","RJ"
2017,4,261,13,1,275,48,323,11,5116,1509,953,7578,7043,618,39,76,1,4,4,36,8,2086,13731,772,943,343,767,122,4665,7612,1502,0,407,"01/04/2017","RJ"
2024,11,145,5,3,153,26,18,93,1425,1057,268,2751,4006,251,75,41,0,1,1,14,14,497,5589,781,582,36,1675,203,4445,8046,0,0,42948,"01/11/2024","RJ"
2016,10,279,18,4,301,52,354,103,5377,1169,916,7462,6085,567,387,66,2,2,5,36,11,1094,12142,821,1236,504,854,11,4703,8227,434,0,42188,"01/10/2016","RJ"
2015,6,164,1,1,175,27,202,85,2672,542,374,3588,3423,342,281,58,2,1,3,64,2,751,6455,806,1798,585,915,3,4519,8625,207,976,36485,"01/06/2015","RJ"
2016,5,222,1,2,234,51,285,87,448,871,617,5967,4795,442,36,55,0,1,2,43,9,104,9879,927,1359,502,795,119,4429,8131,1085,1002,39271,"01/05/2016","RJ"
2017,6,233,11,1,245,58,303,103,5106,1398,825,7329,6528,588,37,77,1,4,2,4,8,1522,12665,828,99,419,859,9,4405,7591,215,1001,40292,"01/06/2017","RJ"
2017,9,273,7,1,281,63,344,105,4575,1319,758,6652,6154,403,319,65,0,2,2,49,8,1522,11592,763,1116,466,1046,109,4644,8144,215,2002,40135,"01/09/2017","RJ"
2017,8,237,1,2,249,42,291,106,5261,1442,972,7675,659,503,387,66,1,1,4,47,2,1574,13014,787,1047,452,8,109,4636,783,429,1001,42004,"01/08/2017","RJ"
2018,1,276,14,4,293,93,386,97,4611,1207,632,6449,7483,577,352,64,2,6,2,4,1,1733,12355,746,1336,398,841,82,438,7784,1112,1058,39956,"01/01/2018","RJ"
2018,6,219,6,4,229,91,319,114,4517,1312,786,6616,5627,441,307,65,1,4,2,47,9,155,11385,746,857,403,718,91,3738,6553,222,1058,36291,"01/06/2018","RJ"
2018,10,223,6,1,23,74,304,89,4283,1441,838,6562,5894,379,264,55,1,5,5,48,1,1343,11141,831,929,428,796,12,4094,7198,222,1058,38164,"01/10/2018","RJ"
2020,8,15,7,1,158,29,188,93,2005,721,38,3106,2383,239,14,24,1,3,2,43,9,686,5285,638,404,198,43,74,3315,5059,0,2234,29005,"01/08/2020","RJ"
2020,5,157,3,0,161,75,236,75,1413,543,242,2198,2116,262,97,27,1,5,1,25,3,683,4216,521,147,62,205,48,2459,3443,0,1117,20175,"01/05/2020","RJ"
2020,12,163,5,2,17,48,218,111,2044,734,411,3189,3034,265,187,43,0,2,3,39,14,79,5861,641,466,184,588,91,318,5148,226,1117,27612,"01/12/2020","RJ"
2021,10,155,6,2,164,69,233,88,179,701,365,2857,2434,185,119,53,0,3,2,29,5,632,4968,692,432,209,704,93,3107,5237,188,1156,28242,"01/10/2021","RJ"
2022,3,153,3,1,157,8,237,92,2029,8,342,3172,2752,195,137,43,0,3,2,22,9,626,5447,905,85,362,1538,19,4745,8589,23,1197,39874,"01/03/2022","RJ"
2022,6,131,5,1,136,45,182,73,1852,796,4,3048,2385,162,133,39,2,3,3,25,9,555,5058,789,652,425,1231,128,4149,7374,23,1197,35409,"01/06/2022","RJ"
2015,5,21,5,1,216,27,243,96,3275,554,389,4218,3734,338,317,5,2,1,3,89,0,735,7236,866,1969,575,868,0,4692,8971,828,976,38844,"01/05/2015","RJ"
2016,4,286,9,1,296,47,342,84,4077,876,539,5493,4808,438,346,64,1,1,5,34,8,984,9336,865,1248,511,837,103,4279,7844,651,1002,38448,"01/04/2016","RJ"
2018,7,239,5,3,248,76,323,89,4364,128,765,6408,4922,426,293,55,1,1,3,34,7,1353,1063,754,963,378,796,8,3835,6806,667,1058,36532,"01/07/2018","RJ"
2020,11,187,5,1,193,47,24,106,2171,751,408,3329,2751,191,157,41,1,1,4,37,7,747,5716,607,483,228,587,85,3116,5106,226,1117,27656,"01/11/2020","RJ"
2024,9,13,5,4,139,25,164,116,1469,1101,418,2988,369,195,79,24,0,1,3,16,19,486,5592,865,569,366,2212,186,4552,8751,231,1211,44618,"01/09/2024","RJ"
